INSERT INTO Auto values('AX213JAS003ZXLQW9','Focus','Ford' , 2009 ,'Negro' ,0 ,'N' ,100000 ,125000 ,.16);
INSERT INTO Auto values('ASDS3344NDS49DSXE','Leon','Seat',2012,'Blanco',0,'N',100050,140000,.16);
INSERT INTO Auto values('LSDDA8Q0CAJSWS81R','R8','Audi',2014,'Blanco',0,'N',250000,300010,.16);
INSERT INTO Auto values('SJCASD933DASD88SD','M1','BMW',2014,'Rojo',0,'N',300000,400125,.16);
INSERT INTO Auto values('2311FNDOASJR48AE8','Veyron','Bugatti',2013,'Negro',0,'N',403000,600012,.16);
INSERT INTO Auto values('GNS043834JNFSSJO9','Ciel','Cadillac',2014,'Negro',0,'N',600500,805000,.16);
INSERT INTO Auto values('123NFERFLCXZMSASD','Camaro','Chevrolet',2013,'Amarrilo',0,'N',299050,350595,.16);
INSERT INTO Auto values('MZLFIWG239SNW0WU2','Civic','Honda',2012,'Rojo',0,'N',128000,200005,.16);
INSERT INTO Auto values('12932FNA8472NDS03','V40','Volvo',2014,'Plateado',0,'N',260500,353009,.16);
INSERT INTO Auto values('9901291MSLZMZLXLZ','911','Porsche',2013,'Gris',0,'N',650960,912090,.16);

INSERT INTO Persona values('AEAJ920114EJ1' ,'Victor Cordero', 'S/N','San Jose');
INSERT INTO Persona values('MAMJ870520AK2' ,'Antorcha' ,'1032' ,'Pedregal');
INSERT INTO Persona values('PEMJ870520MV7' ,'Flauta' ,'109' ,'Agustin Ocampo');
INSERT INTO Persona values('PESA870818618' ,'Camaron' ,'S/N' ,'Escondida');
INSERT INTO Persona values('PEVK790818MT4' ,'Rio Frio' ,'13' ,'Pedregal');
INSERT INTO Persona values('REPR7005118F0' ,'Amena cerrada' ,'32A' ,'San Vicente');
INSERT INTO Persona values('SOTJ901111R37' ,'Flauta' ,'100' ,'Lomas');
INSERT INTO Persona values('BOAL851111LZ2' ,'Calamar' ,'S/N' ,'Escondida');
INSERT INTO Persona values('LUBM8511119W8' ,'Sonido 13' ,'15' ,'San Angel');
INSERT INTO Persona values('VIAE851111NM3' ,'Rondalla' ,'666' ,'Lomas');

INSERT INTO Persona_Cliente values('AEAJ920114EJ1','AEAJ920114HDFBLN03','Jonathan','Abrego','Alvarez','1992-01-14');
INSERT INTO Persona_Cliente values('MAMJ870520AK2','MAMJ870520HDFRRN02','Juan','Martinez','Martinez','1987-05-20');
INSERT INTO Persona_Cliente values('PEMJ870520MV7','PEMJ870520HDFRRN04','Juan','Perez','Marinez','1987-05-20');
INSERT INTO Persona_Cliente values('PESA870818618','PESA870818MDFRLN08','Andre','Perez','Solis','1987-08-18');
INSERT INTO Persona_Cliente values('PEVK790818MT4','PEVK790818MDFRLR00 ','Karla','Perez','Vila','1979-08-18');
INSERT INTO Persona_Cliente values('REPR7005118F0','REPA700511MDFYRM02','Anel','Reynoso','Perez','1970-05-11');
INSERT INTO Persona_Cliente values('SOTJ901111R37','SOTP901111MDFTRR04','Paulina','Soto','Trello','1990-11-11');
INSERT INTO Persona_Cliente values('BOAL851111LZ2','BOAL851111HDFNNS02','Luis','Bonilla','Anis','1985-11-11');
INSERT INTO Persona_Cliente values('LUBM8511119W8','LUBM851111HDFZRG02','Miguel','Luz','Barranco','1985-11-11');
INSERT INTO Persona_Cliente values('VIAE851111NM3','VIAM851111HDFZLL07','Manuel','Vizcarra','Almanza','1985-11-11');

INSERT INTO Empresa values('AWDE8004RD6','Enrique','2001-01-14');
INSERT INTO Empresa values('GGDR880523H','Juan','2002-02-21');
INSERT INTO Empresa values('EQWY8907J9Q','Homero','1995-02-22');
INSERT INTO Empresa values('AASG8002LEA','Bart','2000-04-01');
INSERT INTO Empresa values('DGDV6909AQU','Rick','2010-08-13');
INSERT INTO Empresa values('GJTY6710D1S','Karla','2010-11-09');
INSERT INTO Empresa values('QTRW9011DOC','Monse','2009-12-07');
INSERT INTO Empresa values('REDB8012R91','House','2012-07-08');
INSERT INTO Empresa values('GJYC8302GIG','Miguel','2013-01-25');
INSERT INTO Empresa values('GYGY7501FLO','Daniel','2014-03-28');

INSERT INTO Valuador values('BEVB751225SV2','Belen','Becerra','Vazquez','1975-12-25',1200,'Prestaciones de ley');
INSERT INTO Valuador values('JIHE710314HG7','Eduardo','Jimenez','Hernandez','1971-03-14',1500,'Prestaciones de ley');
INSERT INTO Valuador values('AACD6901312Q3','David','Alvarez','Colin','1969-01-31',1200,'Prestaciones de ley');
INSERT INTO Valuador values('AASA6810093C6','Armando','Almazan','Sanchez','1968-10-09',1000,'Prestaciones de ley');
INSERT INTO Valuador values('ROMA831125UEA','Alan','Rosinei','Martinez','1983-11-25',1200,'Prestaciones de ley');
INSERT INTO Valuador values('VATA760521D57','Angel','Vazquez','Tapia','1976-05-21',1500,'Prestaciones de ley');
INSERT INTO Valuador values('BAAC800701DY6','Cesar','Barragan','Arguello','1980-07-01',2050,'Prestaciones de ley');
INSERT INTO Valuador values('VAPI690405K43','Irael','Valle','Perez','1969-04-05',1590,'Prestaciones de ley');
INSERT INTO Valuador values('GAJR710807AR6','Ramon','Gallardo','Juarez','1971-08-07',1500,'Prestaciones de ley');
INSERT INTO Valuador values('VAFJ6907296G0','Jorge','Valdez','Flores','1969-07-29',1300,'Prestaciones de ley');

INSERT INTO Vendedor values('SAAF810415S30','Francisco','Sanchez','Alcantara','1981-04-15');
INSERT INTO Vendedor values('LOLA6906215A7','Aaron','Lopez','Lopez','1969-06-21');
INSERT INTO Vendedor values('SAZG651204K36','Gerardo','Salgado','Zarraga','1965-12-04');
INSERT INTO Vendedor values('CHFE771011S34','Esteban','Chicharo','Fuentes','1977-10-11');
INSERT INTO Vendedor values('SARA800925YT6','Alferdo','Salazar','Ruiz','1980-09-25');
INSERT INTO Vendedor values('MUMC880523J73','Carlos','Mungia','Mejia','1988-05-23');
INSERT INTO Vendedor values('DEDJ720613SS1','Josue','Delgado','Diaz','1973-06-13');
INSERT INTO Vendedor values('CAGJ710829FAA','Joel','Camacho','Guzman','1971-08-29');
INSERT INTO Vendedor values('MOGS790131GLW','Sandra','Molina','Garcia','1979-01-31');
INSERT INTO Vendedor values('GLCK850211DA5','Karina','Glez','Cuenca','1985-02-11');

INSERT INTO Ventas values(3010,'AX213JAS003ZXLQW9','AEAJ920114EJ1','SAAF810415S30','2009-01-01',.16,'Contado');
INSERT INTO Ventas values(3011,'ASDS3344NDS49DSXE','MAMJ870520AK2','GLCK850211DA5','2012-01-01',.16,'Contado');
INSERT INTO Ventas values(3012,'LSDDA8Q0CAJSWS81R','PEMJ870520MV7','CAGJ710829FAA','2014-01-01',.16,'Contado');
INSERT INTO Ventas values(3013,'SJCASD933DASD88SD','PESA870818618','SAAF810415S30','2014-01-01',.16,'Contado');
INSERT INTO Ventas values(3014,'2311FNDOASJR48AE8','PEVK790818MT4','CHFE771011S34','2013-01-01',.16,'Contado');
INSERT INTO Ventas values(3015,'GNS043834JNFSSJO9','REPR7005118F0','SAZG651204K36','2014-01-01',.16,'Contado');
INSERT INTO Ventas values(3016,'123NFERFLCXZMSASD','SOTJ901111R37','SAAF810415S30','2013-01-01',.16,'Contado');
INSERT INTO Ventas values(3017,'MZLFIWG239SNW0WU2','BOAL851111LZ2','DEDJ720613SS1','2012-01-01',.16,'Contado');
INSERT INTO Ventas values(3018,'12932FNA8472NDS03','LUBM8511119W8','MOGS790131GLW','2014-01-01',.16,'Contado');
INSERT INTO Ventas values(3019,'9901291MSLZMZLXLZ','VIAE851111NM3','GLCK850211DA5','2013-01-01',.16,'Contado');

INSERT INTO Servicio_Venta values(1,5021,'Seguro',3500,'2009-01-14','2010-01-14',3010);
INSERT INTO Servicio_Venta values(2,5021,'Seguro',3700,'2012-01-12','2013-01-12',3011);
INSERT INTO Servicio_Venta values(3,5021,'Seguro',3400,'2014-01-30','2015-01-30',3012);
INSERT INTO Servicio_Venta values(4,5021,'Seguro',6000,'2014-01-10','2015-01-10',3013);
INSERT INTO Servicio_Venta values(5,5021,'Seguro',5315,'2013-01-06','2014-01-06',3014);
INSERT INTO Servicio_Venta values(6,5021,'Seguro',1234,'2014-01-31','2015-01-31',3015);
INSERT INTO Servicio_Venta values(7,5021,'Seguro',5500,'2013-01-09','2014-01-09',3016);
INSERT INTO Servicio_Venta values(8,5021,'Seguro',3800,'2012-01-07','2013-01-07',3017);
INSERT INTO Servicio_Venta values(9,5021,'Seguro',4000,'2014-01-13','2015-01-13',3018);
INSERT INTO Servicio_Venta values(10,5021,'Seguro',3950,'2013-01-21','2014-01-21',3019);
 
INSERT INTO Pago values(1231,'2009-01-01',125000,3010);
INSERT INTO Pago values(1324,'2012-01-01',140000,3011);
INSERT INTO Pago values(4223,'2014-01-01',300010,3012); 
INSERT INTO Pago values(4543,'2014-01-01',400125,3013);
INSERT INTO Pago values(1241,'2013-01-01',600012,3014);
INSERT INTO Pago values(5464,'2014-01-01',805000,3015);
INSERT INTO Pago values(1464,'2013-01-01',350595,3016);
INSERT INTO Pago values(1453,'2012-01-01',200005,3017);
INSERT INTO Pago values(1452,'2014-01-01',353009,3018);
INSERT INTO Pago values(1790,'2013-01-01',912090,3019);

INSERT INTO Telefonos_Persona values('AEAJ920114EJ1','55-21-32-53');
INSERT INTO Telefonos_Persona values('AEAJ920114EJ1','55-13-52-31');
INSERT INTO Telefonos_Persona values('MAMJ870520AK2','55-34-51-11');
INSERT INTO Telefonos_Persona values('PESA870818618','55-44-53-43');
INSERT INTO Telefonos_Persona values('PESA870818618','55-45-63-54');
INSERT INTO Telefonos_Persona values('REPR7005118F0','55-78-23-76');
INSERT INTO Telefonos_Persona values('BOAL851111LZ2','55-00-11-74');
INSERT INTO Telefonos_Persona values('SOTJ901111R37','55-23-41-31');
INSERT INTO Telefonos_Persona values('VIAE851111NM3','55-76-74-53');
INSERT INTO Telefonos_Persona values('LUBM8511119W8','55-23-41-00');

INSERT INTO Correos_Persona values('AEAJ920114EJ1','jsas@aux.com');
INSERT INTO Correos_Persona values('AEAJ920114EJ1','roow@aux.com');
INSERT INTO Correos_Persona values('MAMJ870520AK2','x-men@aux.com');
INSERT INTO Correos_Persona values('PESA870818618','asf@aux.com');
INSERT INTO Correos_Persona values('PESA870818618','kias@aux.com');
INSERT INTO Correos_Persona values('REPR7005118F0','simpson@aux.com');
INSERT INTO Correos_Persona values('BOAL851111LZ2','dragon@aux.com');
INSERT INTO Correos_Persona values('SOTJ901111R37','ball@aux.com');
INSERT INTO Correos_Persona values('VIAE851111NM3','zodiaco@aux.com');
INSERT INTO Correos_Persona values('LUBM8511119W8','cosmo@aux.com');

INSERT INTO Evaluar values(0001,'AX213JAS003ZXLQW9','BEVB751225SV2',.06);
INSERT INTO Evaluar values(0002,'ASDS3344NDS49DSXE','VAFJ6907296G0',.06);
INSERT INTO Evaluar values(0003,'LSDDA8Q0CAJSWS81R','BEVB751225SV2',.03);
INSERT INTO Evaluar values(0004,'SJCASD933DASD88SD','BAAC800701DY6',.05);
INSERT INTO Evaluar values(0005,'2311FNDOASJR48AE8','AASA6810093C6',.36);
INSERT INTO Evaluar values(0006,'GNS043834JNFSSJO9','ROMA831125UEA',.14);
INSERT INTO Evaluar values(0007,'123NFERFLCXZMSASD','AACD6901312Q3',.06);
INSERT INTO Evaluar values(0008,'MZLFIWG239SNW0WU2','VAPI690405K43',.11);
INSERT INTO Evaluar values(0009,'12932FNA8472NDS03','VATA760521D57',.10);
INSERT INTO Evaluar values(0010,'9901291MSLZMZLXLZ','AACD6901312Q3',.15);

INSERT  INTO Compras values(1001,'AX213JAS003ZXLQW9','AEAJ920114EJ1','2014-03-30');
INSERT  INTO Compras values(1002,'ASDS3344NDS49DSXE','MAMJ870520AK2','2014-03-30');
INSERT  INTO Compras values(1003,'LSDDA8Q0CAJSWS81R','PEMJ870520MV7','2014-03-30');
INSERT  INTO Compras values(1004,'SJCASD933DASD88SD','PESA870818618','2014-03-30');
INSERT  INTO Compras values(1005,'2311FNDOASJR48AE8','PEVK790818MT4','2014-03-30');
INSERT  INTO Compras values(1006,'GNS043834JNFSSJO9','REPR7005118F0','2014-03-30');
INSERT  INTO Compras values(1007,'123NFERFLCXZMSASD','SOTJ901111R37','2014-03-30');
INSERT  INTO Compras values(1008,'MZLFIWG239SNW0WU2','BOAL851111LZ2','2014-03-30');
INSERT  INTO Compras values(1009,'12932FNA8472NDS03','LUBM8511119W8','2014-03-30');
INSERT  INTO Compras values(1010,'9901291MSLZMZLXLZ','VIAE851111NM3','2014-03-30');

INSERT INTO Abonar values('AEAJ920114EJ1',1231);
INSERT INTO Abonar values('MAMJ870520AK2',1324);
INSERT INTO Abonar values('PEMJ870520MV7',4223);
INSERT INTO Abonar values('PESA870818618',4543);
INSERT INTO Abonar values('PEVK790818MT4',1241);
INSERT INTO Abonar values('REPR7005118F0',5464);
INSERT INTO Abonar values('SOTJ901111R37',1464);
INSERT INTO Abonar values('BOAL851111LZ2',1453);
INSERT INTO Abonar values('LUBM8511119W8',1452);
INSERT INTO Abonar values('VIAE851111NM3',1790);