--Escuelas
INSERT INTO Escuela VALUES('09UBH0024E','UNAM Plantel 1 Gabino Barreda','D.F','Xochimilco','Aldama');
INSERT INTO Escuela VALUES('09UBH0025D','UNAM Plantel 2 Erasmo Castellanos Quinto','D.F','Iztacalco','Rio Churbusco');
INSERT INTO Escuela VALUES('09UBH0026C','UNAM Plantel 3 Justo Sierra','D.F','Gustavo A. Madero','Eduardo Molina');
INSERT INTO Escuela VALUES('09UBH0027B','UNAM Plantel 4 Vidal Castaneda y Najera','D.F','Miguel Hidalgo','Av. Obdservatorio','174');
INSERT INTO Escuela VALUES('09UBH0028A','UNAM Plantel 5 Jose Vasconcelos','D.F','Coyoacán','Calzada del Hueso','729');
INSERT INTO Escuela VALUES('09UBH0029Z','UNAM Plantel 6 Antonio Caso','D.F','Coyoacán','Corina','3');
INSERT INTO Escuela VALUES('09UBH0030P','UNAM Plantel 7 Ezequiel A. Chavez','D.F','Venustiano Carranza','Calzada de la Viga','54');
INSERT INTO Escuela VALUES('09UBH0031O','UNAM Plantel 8 Miguel E. Schultz','D.F','Benito Juárez','Miranda');
--Telefonos
INSERT INTO Telefono VALUES('09UBH0024E','5533749100');
INSERT INTO Telefono VALUES('09UBH0024E','5533749200');
INSERT INTO Telefono VALUES('09UBH0025D','5512325000');
INSERT INTO Telefono VALUES('09UBH0025D','5512325100');
INSERT INTO Telefono VALUES('09UBH0025D','5512325200');
INSERT INTO Telefono VALUES('09UBH0026C','5560909100');
INSERT INTO Telefono VALUES('09UBH0026C','5560909200');
INSERT INTO Telefono VALUES('09UBH0027B','5552458000');
INSERT INTO Telefono VALUES('09UBH0028A','5821909000');
INSERT INTO Telefono VALUES('09UBH0028A','5821909100');
INSERT INTO Telefono VALUES('09UBH0028A','5821909200');
INSERT INTO Telefono VALUES('09UBH0029Z','5781210000');
INSERT INTO Telefono VALUES('09UBH0029Z','5781210100');
INSERT INTO Telefono VALUES('09UBH0030P','5060708000');
INSERT INTO Telefono VALUES('09UBH0030P','5060708100');
INSERT INTO Telefono VALUES('09UBH0030P','5060708200');
INSERT INTO Telefono VALUES('09UBH0031O','5589201300');
--Correos
INSERT INTO Correo_electronico VALUES('09UBH0024E','UNAMprepa1@gmail.com');
INSERT INTO Correo_electronico VALUES('09UBH0025D','UNAMprepa2@gmail.com');
INSERT INTO Correo_electronico VALUES('09UBH0026C','UNAMprepa3@gmail.com');
INSERT INTO Correo_electronico VALUES('09UBH0027B','UNAMprepa4@gmail.com');
INSERT INTO Correo_electronico VALUES('09UBH0028A','UNAMprepa5@gmail.com');
INSERT INTO Correo_electronico VALUES('09UBH0029Z','UNAMprepa6@gmail.com');
INSERT INTO Correo_electronico VALUES('09UBH0030P','UNAMprepa7@gmail.com');
INSERT INTO Correo_electronico VALUES('09UBH0031O','UNAMprepa8@gmail.com');
--Profesor
INSERT INTO Profesor VALUES('NUAA6506018A7','Adolfo','Nunez','Arriaga');
INSERT INTO Profesor VALUES('BALA6606025S1','Angel','Barragan','Lopez');
INSERT INTO Profesor VALUES('AEEJ670603N60','Jorge','Ascensio','Espindola');

INSERT INTO Profesor VALUES('CACO680604TC6','Omar','Cabrera','Chavez');
INSERT INTO Profesor VALUES('COOR690605CB6','Ruben','Corona','Oribe');

INSERT INTO Profesor VALUES('EIOG700606PR9','Gustavo','Espinosa','Ochoa');
INSERT INTO Profesor VALUES('FOLC710607U55','Carlos','Flores','Luna');
INSERT INTO Profesor VALUES('GAAL720608556','Leonador','Gaitan','Aguirre');

INSERT INTO Profesor VALUES('CUDJ730609MJ0','Jose','Cruz','Duran');
INSERT INTO Profesor VALUES('RIGA740610KZA','Alfonso','Rivera','Garcia');
INSERT INTO Profesor VALUES('AUMV680611MJ6','Veronica','Aguilar','Milo');

INSERT INTO Profesor VALUES('CABD690612ES8','Diana','Camargo','Borja');

INSERT INTO Profesor VALUES('CAMA7006138C2','Andrea','Camacho','Melo');
INSERT INTO Profesor VALUES('BABJ710614IW7','Jessica','Barbosa','Bueno');

INSERT INTO Profesor VALUES('DEDG720615QG3','Gabriela','Delgado','Diaz');
INSERT INTO Profesor VALUES('AAAK730616JR6','Karla','Alvarez','Arroy');
INSERT INTO Profesor VALUES('PILS740617ESA','Sara','Prieto','Leo');

INSERT INTO Profesor VALUES('VIAI750618H89','Itzel','Vizcara','Arevalo');
INSERT INTO Profesor VALUES('MASM760619AM0','Monserrat','Martinez','Sanchez');
INSERT INTO Profesor VALUES('AURL770620795','Leslie','Aguilar','Ruíz');
--Alumno
INSERT INTO Alumno VALUES('UUVC700609HDFRLR04','Carlos','Urrutia','Valadez',1,'09UBH0024E');
INSERT INTO Alumno VALUES('GARF700609HDFRZR09','Fernanda','Granillo','Ruiz',1,'09UBH0024E');
INSERT INTO Alumno VALUES('AALG700609HDFRMD00','Guadalupe','Aranza','Lomeli',1,'09UBH0024E');
INSERT INTO Alumno VALUES('HEFL700609HDFRNS02','Lisa','Hernandez','Fuentes',2,'09UBH0024E');
INSERT INTO Alumno VALUES('KEAM700609HDFNNR06','Mariana','Kent','Anzures',2,'09UBH0024E');
INSERT INTO Alumno VALUES('BAML700609HDFRRC06','Lucero','Barrillas','Martinez',2,'09UBH0024E');
INSERT INTO Alumno VALUES('VAVP700609HDFSSL08','Paulina','Vasquez','Vasquez',3,'09UBH0024E');
INSERT INTO Alumno VALUES('LAAG700609HDFTLB08','Gabriel','Lata','Aluminio',3,'09UBH0024E');
INSERT INTO Alumno VALUES('FISE700609HDFGLN09','Ernesto','Figueroa','Salgado',3,'09UBH0024E');

INSERT INTO Alumno VALUES('AEAD700609HDFSLV02','David','Ascencio','Alcantara',1,'09UBH0025D');
INSERT INTO Alumno VALUES('SOAJ700609HDFTMN09','Juan','Soto','Amarrilla',1,'09UBH0025D');
INSERT INTO Alumno VALUES('ROAL700609HDFBRS08','Luis','Robledo','Archundia',1,'09UBH0025D');
INSERT INTO Alumno VALUES('AAFM700609HDFLRG09','Miguel','Alarcon','Fernandez',2,'09UBH0025D');
INSERT INTO Alumno VALUES('MARL700609HDFTSS08','Luis','Mateos','Rios',2,'09UBH0025D');
INSERT INTO Alumno VALUES('CAFR700609HDFRLN09','Rene','Carmen','Flores',2,'09UBH0025D');
INSERT INTO Alumno VALUES('AARI700609HDFBYT02','Itzel','Abad','Reynoso',3,'09UBH0025D');
INSERT INTO Alumno VALUES('SOSV700609HDFLVR07','Viridiana','Solano','Zavala',3,'09UBH0025D');
INSERT INTO Alumno VALUES('BELA700609HDFCVL01','Aldo','Becerril','Lovera',3,'09UBH0025D');

INSERT INTO Alumno VALUES('VIDE700609HDFDRR02','Erick','Vidal','Duran',1,'09UBH0026C');
INSERT INTO Alumno VALUES('COPK700609HDFLZR06','Karen','Colin','Pozos',1,'09UBH0026C');
INSERT INTO Alumno VALUES('MORG700609HDFNYL04','Gloria','Monroy','Reyes',1,'09UBH0026C');
INSERT INTO Alumno VALUES('LACL700609HDFGRL08','Liliana','Lagos','de la Cruz',2,'09UBH0026C');
INSERT INTO Alumno VALUES('LIMB700609HDFMZL04','Belen','Lima','Meza',2,'09UBH0026C');
INSERT INTO Alumno VALUES('MUOY700609MDFMOY06','Yoselin','Muñoz','Olmos',2,'09UBH0026C');
INSERT INTO Alumno VALUES('CETJ700609HDFRKL05 ','Joel','Cerillo','Takisawa',3,'09UBH0026C');
INSERT INTO Alumno VALUES('MONA700609HDFLJG06','Antonio','Montaño','Nava',3,'09UBH0026C');
INSERT INTO Alumno VALUES('LITP700609HDFRLB01 ','Pablo','Lira','Tello',3,'09UBH0026C');

INSERT INTO Alumno VALUES('QWEA901231HDFLKD01','Samuel','Baez','Pacheco',1,'09UBH0027B');
INSERT INTO Alumno VALUES('QWEA901231HDFLKD02','Hugo','Tenorio','Sanchez',1,'09UBH0027B');
INSERT INTO Alumno VALUES('QWEA901231HDFLKD03','Ricardo','Barajas','Bueno',1,'09UBH0027B');
INSERT INTO Alumno VALUES('QWEA901231HDFLKD04','Romario','Vargas','Tafoya',2,'09UBH0027B');
INSERT INTO Alumno VALUES('QWEA901231HDFLKD05','Ronaldo','Rangel','Celis',2,'09UBH0027B');
INSERT INTO Alumno VALUES('QWEA901231HDFLKD06','Wayne','Rooney','Rojo',2,'09UBH0027B');
INSERT INTO Alumno VALUES('QWEA901231HDFLKD07','Roberto','Nieto','Leal',3,'09UBH0027B');
INSERT INTO Alumno VALUES('QWEA901231HDFLKD08','Edson','Baldt','Eslava',3,'09UBH0027B');
INSERT INTO Alumno VALUES('QWEA901231HDFLKD09','Juniho','Bocanegra','Ruiz',3,'09UBH0027B');

INSERT INTO Alumno VALUES('ASDF900114HDFWLS01','Robben','Perez','Caballero',1,'09UBH0028A');
INSERT INTO Alumno VALUES('ASDF900114HDFWLS02','Victor','Calva','Ramos',1,'09UBH0028A');
INSERT INTO Alumno VALUES('ASDF900114HDFWLS03','Helder','Melo','Bolañoz',1,'09UBH0028A');
INSERT INTO Alumno VALUES('ASDF900114HDFWLS04','Fernando','Garrido','Reyes',2,'09UBH0028A');
INSERT INTO Alumno VALUES('ASDF900114HDFWLS05','Cuahutemoc','Cano','Vega',2,'09UBH0028A');
INSERT INTO Alumno VALUES('ASDF900114HDFWLS06','Zlatan','Sosa','Manzanilla',2,'09UBH0028A');
INSERT INTO Alumno VALUES('ASDF900114HDFWLS07','Javier','Zanneti','Luna',3,'09UBH0028A');
INSERT INTO Alumno VALUES('ASDF900114HDFWLS08','Paul','Aguilar','Blanco',3,'09UBH0028A');
INSERT INTO Alumno VALUES('ASDF900114HDFWLS09','Francisco','Torres','Naranjo',3,'09UBH0028A');

INSERT INTO Alumno VALUES('QRT900225HDFJDK00','Michael','Ballack','Briones',1,'09UBH0029Z');
INSERT INTO Alumno VALUES('QRT900225HDFJDK01','Paul','Giggs','Rojas',1,'09UBH0029Z');
INSERT INTO Alumno VALUES('QRT900225HDFJDK02','Rivaldo','Prieto','Vallarta',1,'09UBH0029Z');
INSERT INTO Alumno VALUES('QRT900225HDFJDK03','Roger','Mina','Cordon',2,'09UBH0029Z');
INSERT INTO Alumno VALUES('QRT900225HDFJDK04','Socrates','Papdopulous','Sixto',2,'09UBH0029Z');
INSERT INTO Alumno VALUES('QRT900225HDFJDK05','Raúl','Gonzales','Blanco',2,'09UBH0029Z');
INSERT INTO Alumno VALUES('QRT900225HDFJDK06','Paolo','Maldini','Bravo',3,'09UBH0029Z');
INSERT INTO Alumno VALUES('QRT900225HDFJDK07','Alessandro','Nesta','Herrera',3,'09UBH0029Z');
INSERT INTO Alumno VALUES('QRT900225HDFJDK08','Johann','Castillo','Horta',3,'09UBH0029Z');

INSERT INTO Alumno VALUES('ÑOK900517HDFKOO00','Falcoa','Silva','Gil',1,'09UBH0030P');
INSERT INTO Alumno VALUES('ÑOK900517HDFKOO01','Sergio','Aguero','Galan',1,'09UBH0030P');
INSERT INTO Alumno VALUES('ÑOK900517HDFKOO02','Marco','Reus','Ochoa',1,'09UBH0030P');
INSERT INTO Alumno VALUES('ÑOK900517HDFKOO03','Xavi','Hernandez','Alba',2,'09UBH0030P');
INSERT INTO Alumno VALUES('ÑOK900517HDFKOO04','Andres','Iniesta','Vilvhis',2,'09UBH0030P');
INSERT INTO Alumno VALUES('ÑOK900517HDFKOO05','Andrea','Pirlo','Bueno',2,'09UBH0030P');
INSERT INTO Alumno VALUES('ÑOK900517HDFKOO06','Alxis','Sanchez','Cuevas',3,'09UBH0030P');
INSERT INTO Alumno VALUES('ÑOK900517HDFKOO07','Arturo','Vidal','Balderas',3,'09UBH0030P');
INSERT INTO Alumno VALUES('ÑOK900517HDFKOO08','Alfonso','Perez','Almazan',3,'09UBH0030P');

INSERT INTO Alumno VALUES('TRE900720HDFJOI00','Armando','Castellanos','Bonilla',1,'09UBH0031O');
INSERT INTO Alumno VALUES('TRE900720HDFJOI01','Alan','Almanza','Damacio',1,'09UBH0031O');
INSERT INTO Alumno VALUES('TRE900720HDFJOI02','Carlos','Islas','Mateo',1,'09UBH0031O');
INSERT INTO Alumno VALUES('TRE900720HDFJOI03','Ramon','Delgado','Lara',2,'09UBH0031O');
INSERT INTO Alumno VALUES('TRE900720HDFJOI04','Zinedine','Zidane','Roja',2,'09UBH0031O');
INSERT INTO Alumno VALUES('TRE900720HDFJOI05','Johan','Cruyff','Delgadillo',2,'09UBH0031O');
INSERT INTO Alumno VALUES('TRE900720HDFJOI06','Gerd','Muller','Bombardero',3,'09UBH0031O');
INSERT INTO Alumno VALUES('TRE900720HDFJOI07','Oliver','Kahn','Mendez',3,'09UBH0031O');
INSERT INTO Alumno VALUES('TRE900720HDFJOI08','Hernán','Crespo','Zuno',3,'09UBH0031O');
--Zona
INSERT INTO Zona VALUES(1010 ,'Desconocida',10000,'Mantenerse detras de liena de seguridad pintada');
INSERT INTO Zona VALUES(1011 ,'Desconocida',10000,'Mantenerse detras de liena de seguridad pintada');
INSERT INTO Zona VALUES(1012 ,'Desconocida',10000,'Mantenerse detras de liena de seguridad pintada');
INSERT INTO Zona VALUES(1013 ,'Desconocida',10000,'Mantenerse detras de liena de seguridad pintada');
INSERT INTO Zona VALUES(1014 ,'Desconocida',10000,'Mantenerse detras de liena de seguridad pintada');
INSERT INTO Zona VALUES(1015 ,'Desconocida',10000,'Mantenerse detras de liena de seguridad pintada');
INSERT INTO Zona VALUES(1016 ,'Desconocida',10000,'Mantenerse detras de liena de seguridad pintada');
INSERT INTO Zona VALUES(1017 ,'Desconocida',10000,'Mantenerse detras de liena de seguridad pintada');
INSERT INTO Zona VALUES(1018 ,'Desconocida',10000,'Mantenerse detras de liena de seguridad pintada');
INSERT INTO Zona VALUES(1019 ,'Desconocida',10000,'Mantenerse detras de liena de seguridad pintada');
INSERT INTO Zona VALUES(1020 ,'Desconocida',10000,'Mantenerse detras de liena de seguridad pintada');
INSERT INTO Zona VALUES(1021 ,'Desconocida',10000,'Mantenerse detras de liena de seguridad pintada');
--Reservacion
INSERT INTO Reservacion(hora,tipo_visita,precio,fecha) VALUES('08:00','solo visita',300,'2014-06-30');
INSERT INTO Reservacion(hora,tipo_visita,precio,fecha) VALUES('08:00','vista con experto propio',400,'2014-06-01');

INSERT INTO Reservacion(hora,tipo_visita,precio,fecha) VALUES('10:00','vista con guía del parque',400,'2014-09-14');

INSERT INTO Reservacion(hora,tipo_visita,precio,fecha) VALUES('10:00','solo visita',300,'2014-09-03');
INSERT INTO Reservacion(hora,tipo_visita,precio,fecha) VALUES('08:00','vista con guía del parque',500,'2014-06-11');

INSERT INTO Reservacion(hora,tipo_visita,precio,fecha) VALUES('07:00','vista con guía del parque',500,'2014-08-21');

INSERT INTO Reservacion(hora,tipo_visita,precio,fecha) VALUES('08:00','vista con guía del parque',500,'2014-08-24');

INSERT INTO Reservacion(hora,tipo_visita,precio,fecha) VALUES('15:00','visita con guía computarizado',550,'2014-07-13');

INSERT INTO Reservacion(hora,tipo_visita,precio,fecha) VALUES('08:00','visita con guía computarizado',550,'2014-06-30');

INSERT INTO Reservacion(hora,tipo_visita,precio,fecha) VALUES('08:00','vista con experto propio',400,'2014-07-10');
--Zonas_Visita res zon
INSERT INTO Zonas_Visita VALUES(1,1010);
INSERT INTO Zonas_Visita VALUES(2,1011);
INSERT INTO Zonas_Visita VALUES(2,1012);
INSERT INTO Zonas_Visita VALUES(2,1015);
INSERT INTO Zonas_Visita VALUES(3,1019);
INSERT INTO Zonas_Visita VALUES(4,1020);
INSERT INTO Zonas_Visita VALUES(5,1013);
INSERT INTO Zonas_Visita VALUES(6,1021);
INSERT INTO Zonas_Visita VALUES(7,1016);
INSERT INTO Zonas_Visita VALUES(7,1017);
INSERT INTO Zonas_Visita VALUES(7,1018);
INSERT INTO Zonas_Visita VALUES(8,1011);
INSERT INTO Zonas_Visita VALUES(8,1012);
INSERT INTO Zonas_Visita VALUES(8,1013);
INSERT INTO Zonas_Visita VALUES(9,1014);
INSERT INTO Zonas_Visita VALUES(9,1015);
INSERT INTO Zonas_Visita VALUES(10,1011);
INSERT INTO Zonas_Visita VALUES(10,1016);
INSERT INTO Zonas_Visita VALUES(10,1020);
--Lista Profesores
INSERT INTO Lista_Profesores VALUES(1,'NUAA6506018A7');
INSERT INTO Lista_Profesores VALUES(2,'BALA6606025S1');
INSERT INTO Lista_Profesores VALUES(2,'AEEJ670603N60');

INSERT INTO Lista_Profesores VALUES(3,'CACO680604TC6');
INSERT INTO Lista_Profesores VALUES(3,'COOR690605CB6');

INSERT INTO Lista_Profesores VALUES(4,'EIOG700606PR9');
INSERT INTO Lista_Profesores VALUES(5,'FOLC710607U55');
INSERT INTO Lista_Profesores VALUES(5,'GAAL720608556');

INSERT INTO Lista_Profesores VALUES(6,'CUDJ730609MJ0');
INSERT INTO Lista_Profesores VALUES(6,'RIGA740610KZA');
INSERT INTO Lista_Profesores VALUES(6,'AUMV680611MJ6');

INSERT INTO Lista_Profesores VALUES(7,'CABD690612ES8');

INSERT INTO Lista_Profesores VALUES(8,'CAMA7006138C2');
INSERT INTO Lista_Profesores VALUES(8,'BABJ710614IW7');

INSERT INTO Lista_Profesores VALUES(9,'DEDG720615QG3');
INSERT INTO Lista_Profesores VALUES(9,'AAAK730616JR6');
INSERT INTO Lista_Profesores VALUES(9,'PILS740617ESA');

INSERT INTO Lista_Profesores VALUES(10,'VIAI750618H89');
INSERT INTO Lista_Profesores VALUES(10,'MASM760619AM0');
INSERT INTO Lista_Profesores VALUES(10,'AURL770620795');
--Lista Alumnos
INSERT INTO Lista_Alumnos VALUES(1,'UUVC700609HDFRLR04');
INSERT INTO Lista_Alumnos VALUES(1,'GARF700609HDFRZR09');
INSERT INTO Lista_Alumnos VALUES(1,'AALG700609HDFRMD00');
INSERT INTO Lista_Alumnos VALUES(2,'HEFL700609HDFRNS02');
INSERT INTO Lista_Alumnos VALUES(2,'KEAM700609HDFNNR06');
INSERT INTO Lista_Alumnos VALUES(2,'BAML700609HDFRRC06');

INSERT INTO Lista_Alumnos VALUES(3,'AARI700609HDFBYT02');
INSERT INTO Lista_Alumnos VALUES(3,'SOSV700609HDFLVR07');
INSERT INTO Lista_Alumnos VALUES(3,'BELA700609HDFCVL01');

INSERT INTO Lista_Alumnos VALUES(4,'VIDE700609HDFDRR02');
INSERT INTO Lista_Alumnos VALUES(4,'COPK700609HDFLZR06');
INSERT INTO Lista_Alumnos VALUES(4,'MORG700609HDFNYL04');
INSERT INTO Lista_Alumnos VALUES(5,'CETJ700609HDFRKL05');
INSERT INTO Lista_Alumnos VALUES(5,'MONA700609HDFLJG06');
INSERT INTO Lista_Alumnos VALUES(5,'LITP700609HDFRLB01');

INSERT INTO Lista_Alumnos VALUES(6,'QWEA901231HDFLKD04');
INSERT INTO Lista_Alumnos VALUES(6,'QWEA901231HDFLKD05');
INSERT INTO Lista_Alumnos VALUES(6,'QWEA901231HDFLKD06');

INSERT INTO Lista_Alumnos VALUES(7,'ASDF900114HDFWLS01');
INSERT INTO Lista_Alumnos VALUES(7,'ASDF900114HDFWLS02');
INSERT INTO Lista_Alumnos VALUES(7,'ASDF900114HDFWLS03');

INSERT INTO Lista_Alumnos VALUES(8,'QRT900225HDFJDK06');
INSERT INTO Lista_Alumnos VALUES(8,'QRT900225HDFJDK07');
INSERT INTO Lista_Alumnos VALUES(8,'QRT900225HDFJDK08');

INSERT INTO Lista_Alumnos VALUES(9,'ÑOK900517HDFKOO03');
INSERT INTO Lista_Alumnos VALUES(9,'ÑOK900517HDFKOO04');
INSERT INTO Lista_Alumnos VALUES(9,'ÑOK900517HDFKOO05');

INSERT INTO Lista_Alumnos VALUES(10,'TRE900720HDFJOI00');
INSERT INTO Lista_Alumnos VALUES(10,'TRE900720HDFJOI01');
INSERT INTO Lista_Alumnos VALUES(10,'TRE900720HDFJOI02');
--Vehiculo
INSERT INTO Vehiculo VALUES('ASDS3344NDS49DSXE',40,'Autobus');
INSERT INTO Vehiculo VALUES('LSDDA8Q0CAJSWS81R',40,'Autobus');
INSERT INTO Vehiculo VALUES('SJCASD933DASD88SD',40,'Autobus');
INSERT INTO Vehiculo VALUES('SJCASD133DASD88SD',40,'Autobus');
INSERT INTO Vehiculo VALUES('SJCASD233DASD88SD',40,'Autobus');
INSERT INTO Vehiculo VALUES('SJCASD333DASD88SD',40,'Autobus');
INSERT INTO Vehiculo VALUES('SJCASD433DASD88SD',40,'Autobus');
INSERT INTO Vehiculo VALUES('SJCASD533DASD88SD',40,'Autobus');
INSERT INTO Vehiculo VALUES('SJCASD633DASD88SD',40,'Autobus');
INSERT INTO Vehiculo VALUES('SJCASD733DASD88SD',40,'Autobus');
INSERT INTO Vehiculo VALUES('SJCASD833DASD88SD',40,'Autobus');
INSERT INTO Vehiculo VALUES('SJCASD103DASD88SD',40,'Autobus');
INSERT INTO Vehiculo VALUES('2311FNDOASJR48AE8',15,'Camioneta','eléctricas, conducción autónoma');
INSERT INTO Vehiculo VALUES('GNS043834JNFSSJO9',15,'Camioneta','eléctricas, conducción autónoma');
INSERT INTO Vehiculo VALUES('123NFERFLCXZMSASD',15,'Camioneta','eléctricas, conducción autónoma');
INSERT INTO Vehiculo VALUES('223NFERFLCXZMSASD',15,'Camioneta','eléctricas, conducción autónoma');
INSERT INTO Vehiculo VALUES('323NFERFLCXZMSASD',15,'Camioneta','eléctricas, conducción autónoma');
INSERT INTO Vehiculo VALUES('423NFERFLCXZMSASD',15,'Camioneta','eléctricas, conducción autónoma');
INSERT INTO Vehiculo VALUES('523NFERFLCXZMSASD',15,'Camioneta','eléctricas, conducción autónoma');
INSERT INTO Vehiculo VALUES('623NFERFLCXZMSASD',15,'Camioneta','eléctricas, conducción autónoma');
INSERT INTO Vehiculo VALUES('723NFERFLCXZMSASD',15,'Camioneta','eléctricas, conducción autónoma');
INSERT INTO Vehiculo VALUES('823NFERFLCXZMSASD',15,'Camioneta','eléctricas, conducción autónoma');
INSERT INTO Vehiculo VALUES('923NFERFLCXZMSASD',15,'Camioneta','eléctricas, conducción autónoma');
INSERT INTO Vehiculo VALUES('103NFERFLCXZMSASD',15,'Camioneta','eléctricas, conducción autónoma');
INSERT INTO Vehiculo VALUES('113NFERFLCXZMSASD',15,'Camioneta','eléctricas, conducción autónoma');
INSERT INTO Vehiculo VALUES('MZLFIWG239SNW0WU2',10,'Helicoptero','computadora interactiva');
INSERT INTO Vehiculo VALUES('12932FNA8472NDS03',10,'Helicoptero','computadora interactiva');
INSERT INTO Vehiculo VALUES('0901291MSLZMZLXLZ',10,'Helicoptero','computadora interactiva');
INSERT INTO Vehiculo VALUES('9901291MSLZMZLXLZ',10,'Helicoptero','computadora interactiva');
INSERT INTO Vehiculo VALUES('8901291MSLZMZLXLZ',10,'Helicoptero','computadora interactiva');
INSERT INTO Vehiculo VALUES('7901291MSLZMZLXLZ',10,'Helicoptero','computadora interactiva');
INSERT INTO Vehiculo VALUES('6901291MSLZMZLXLZ',10,'Helicoptero','computadora interactiva');
INSERT INTO Vehiculo VALUES('5901291MSLZMZLXLZ',10,'Helicoptero','computadora interactiva');
INSERT INTO Vehiculo VALUES('4901291MSLZMZLXLZ',10,'Helicoptero','computadora interactiva');
INSERT INTO Vehiculo VALUES('3901291MSLZMZLXLZ',10,'Helicoptero','computadora interactiva');
INSERT INTO Vehiculo VALUES('2901291MSLZMZLXLZ',10,'Helicoptero','computadora interactiva');
INSERT INTO Vehiculo VALUES('1901291MSLZMZLXLZ',10,'Helicoptero','computadora interactiva');
INSERT INTO Vehiculo VALUES('1001291MSLZMZLXLZ',10,'Helicoptero','computadora interactiva');
INSERT INTO Vehiculo VALUES('1101291MSLZMZLXLZ',10,'Helicoptero','computadora interactiva');
INSERT INTO Vehiculo VALUES('1201291MSLZMZLXLZ',10,'Helicoptero','computadora interactiva');
INSERT INTO Vehiculo VALUES('1301291MSLZMZLXLZ',10,'Helicoptero','computadora interactiva');
--Trabajador
INSERT INTO Trabajador VALUES('ROIF630204AVD','Juan','A.','Cruz','Paleontólogo',10000,'Lunes','5591370001','paleo1@gmail.com','San Lorenzo','Ciruelos','4-A',1010);
INSERT INTO Trabajador VALUES('VALL680304AVD','Ernesto','B.','Alvarez','Paleontólogo',10000,'Martes','5591370001','paleo2@gmail.com','San Lorenzo','Naranjo','89-B',1011);
INSERT INTO Trabajador VALUES('VAKK680304AVD','Luis','C.','Abreu','Paleontólogo',10000,'Miercoles','5591370003','paleo3@gmail.com','San Lorenzo','Naranjo','89-B',1012);
INSERT INTO Trabajador VALUES('MOAE880325AVD','Gabriel','D.','Duran','Paleontólogo',10000,'Jueves','5591370004','paleo4@gmail.com','San Lorenzo','Cruz','10',1013);
INSERT INTO Trabajador VALUES('RAAL720206AVD','Karla','E.','Barrera','Paleontólogo',10000,'Viernes','5591370005','paleo5@gmail.com','San Lorenzo','Cedro','11-B',1014);
INSERT INTO Trabajador VALUES('SOIF630204AVD','Diana','F.','Flores','Paleontólogo',10000,'Sabado','5591370006','paleo6@gmail.com','San Lorenzo','San Fernando','4',1015);
INSERT INTO Trabajador VALUES('YHUI890214AVD','Manuel','G.','Acosta','Paleontólogo',10000,'Domingo','5591370007','paleo7@gmail.com','San Lorenzo','Aztecas','001',1016);
INSERT INTO Trabajador VALUES('OURF721212AVD','Karina','H.','Checa','Paleontólogo',10000,'Lunes','5591370008','paleo8@gmail.com','San Lorenzo','Lirio','412',1017);
INSERT INTO Trabajador VALUES('FCVG901111AVD','Jessica','I.','Medina','Paleontólogo',10000,'Martes','5591370009','paleo9@gmail.com','San Lorenzo','Rosa','852',1018);
INSERT INTO Trabajador VALUES('RFTG901212AVD','Afredo','J.','Romero','Paleontólogo',10000,'Miercoles','5591370010','paleo10@gmail.com','San Lorenzo','Margarita','9-Bis',1019);
INSERT INTO Trabajador VALUES('DRFC880202AVD','Estefania','K.','Ureña','Paleontólogo',10000,'Jueves','5591370011','paleo11@gmail.com','San Lorenzo','Uvas','789',1020);

INSERT INTO Trabajador VALUES('ABCR630204AVD','Mauricio','L.','Acua','Paleontólogo',10000,'Viernes','5591370012','paleo12@gmail.com','Agricola Oriental','Sur-210','851',1021);
INSERT INTO Trabajador VALUES('LLJK680304AVD','Jonathan','M.','Galvan','Jefe de seguridad',8000,'Sabado','5591370013','jseg1@gmail.com','Agricola Oriental','Sur-211','102',1010);
INSERT INTO Trabajador VALUES('JKLM880325AVD','Alejandro','N.','Cortez','Jefe de seguridad',8000,'Domingo','5591370014','jseg2@gmail.com','Agricola Oriental','Sur-212','2-A',1011);
INSERT INTO Trabajador VALUES('FGTV720206AVD','Abraham','Ñ.','Ramos','Jefe de seguridad',8000,'Lunes','5591370015','jseg3@gmail.com','Agricola Oriental','Sur-213','8-A',1012);
INSERT INTO Trabajador VALUES('RFTG630204AVD','Martha','O.','Aguilar','Jefe de seguridad',8000,'Martes','5591370016','jseg4@gmail.com','Agricola Oriental','Sur-214','844',1013);
INSERT INTO Trabajador VALUES('TGBV890214AVW','Andrea','P.','Aguila','Jefe de seguridad',8000,'Miercoles','5591370017','jseg5@gmail.com','Agricola Oriental','Sur-215','489',1014);
INSERT INTO Trabajador VALUES('TGBB721212AVD','Luis','Q.','America','Jefe de seguridad',8000,'Jueves','5591370018','jseg6@gmail.com','Agricola Oriental','Sur-216','777',1015);
INSERT INTO Trabajador VALUES('RFCV901111AVR','Felipe','R.','Garcia','Jefe de seguridad',8000,'Viernes','5591370019','jseg7@gmail.com','Agricola Oriental','Sur-217','9632',1016);
INSERT INTO Trabajador VALUES('RFCF901212AVD','Violeta','S.','Arias','Jefe de seguridad',8000,'Sabado','5591370020','jseg8@gmail.com','Agricola Oriental','Sur-218','498-A',1017);
INSERT INTO Trabajador VALUES('VCFG880202AVY','Paola','T.','Gomez','Jefe de seguridad',8000,'Domingo','5591370021','jseg9@gmail.com','Agricola Oriental','Sur-219','411-A',1018);

INSERT INTO Trabajador VALUES('BNMQ630204AVX','Wendi','U.','Mendez','Jefe de seguridad',8000,'Lunes','5591370022','jseg10@gmail.com','Centro','Roma','111',1019);
INSERT INTO Trabajador VALUES('BAZW680304AVL','Eduardo','V.','Hernandez','Jefe de seguridad',8000,'Martes','5591370023','jseg11@gmail.com','Centro','Italia','87',1020);
INSERT INTO Trabajador VALUES('BCOE880325AVK','Aliyair','W.','Luna','Jefe de seguridad',8000,'Miercoles','5591370024','jseg12@gmail.com','Centro','Alemania','95',1021);
INSERT INTO Trabajador VALUES('SANR720206AVJ','Mario','X.','Milo','Conserje',7500,'Jueves','5591370025','conser1@gmail.com','Centro','Inglaterra','003',1010);
INSERT INTO Trabajador VALUES('BANT630204AVH','Sebastian','Y.','Ortiz','Conserje',7500,'Viernes','5591370026','conser2@gmail.com','Centro','España','004',1011);
INSERT INTO Trabajador VALUES('IXEY890214AVG','Juan','Z.','Rivera','Conserje',7500,'Sabado','5591370027','conser3@gmail.com','Centro','Portugal','856',1012);
INSERT INTO Trabajador VALUES('FEMU721212AVF','Carlos','A.','River','Conserje',7500,'Domingo','5591370028','conser4@gmail.com','Centro','Francia','874',1013);
INSERT INTO Trabajador VALUES('PEPI901111AVD','Salvador','S.','Rosales','Conserje',7500,'Lunes','5591370029','conser5@gmail.com','Centro','Rusia','84126',1014);
INSERT INTO Trabajador VALUES('TMXO901212AVS','Patricia','D.','Solano','Conserje',7500,'Martes','5591370030','conser6@gmail.com','Centro','Grecia','1005',1015);
INSERT INTO Trabajador VALUES('TCEP880202AVA','Karen','F.','Zuñiga','Conserje',7500,'Miercoles','5591370031','conser7@gmail.com','Centro','Polonia','44-C',1016);

INSERT INTO Trabajador VALUES('AOIF630204AVD','Aldo','G.','Zabala','Conserje',7500,'Jueves','5591370032','conser8@gmail.com','Tlaltenco','Ciruelos','4-A',1017);
INSERT INTO Trabajador VALUES('VBLL680304AVD','Ana','H.','Serrano','Conserje',7500,'Viernes','5591370033','conser9@gmail.com','Tlaltenco','Naranjo','89-B',1018);
INSERT INTO Trabajador VALUES('MFAE880325AVD','Natalia','J.','Diaz','Conserje',7500,'Sabado','5591370034','conser10@gmail.com','Tlaltenco','Cruz','10',1019);
INSERT INTO Trabajador VALUES('RKAL720206AVD','Daniel','K.','Cardoso','Conserje',7500,'Domingo','5591370035','conser11@gmail.com','Tlaltenco','Cedro','11-B',1020);
INSERT INTO Trabajador VALUES('SPIF630204AVD','Pablo','L.','Sanchez','Conserje',7500,'Lunes','5591370036','conser12@gmail.com','Tlaltenco','San Fernando','4',1021);
INSERT INTO Trabajador VALUES('YQUI890214AVD','Liliana','Ñ.','Zamora','Veterinario',10500,'Martes','5591370037','vetex1@gmail.com','Tlaltenco','Aztecas','001',1010);
INSERT INTO Trabajador VALUES('OTRF721212AVD','Gloria','Z.','Lopez','Veterinario',10500,'Miercoles','5591370038','vetex2@gmail.com','Tlaltenco','Lirio','412',1011);
INSERT INTO Trabajador VALUES('FZVG901111AVD','Samuel','X.','Alanis','Veterinario',10500,'Jueves','5591370039','vetex3@gmail.com','Tlaltenco','Rosa','852',1012);
INSERT INTO Trabajador VALUES('RYTG901212AVD','Leonardo','C.','Colin','Veterinario',10500,'Viernes','5591370040','vetex4@gmail.com','Tlaltenco','Margarita','9-Bis',1013);
INSERT INTO Trabajador VALUES('DLFC880202AVD','Belen','V.','Mendoza','Veterinario',10500,'Sabado','5591370041','vetex5@gmail.com','Tlaltenco','Uvas','789',1014);
INSERT INTO Trabajador VALUES('ROIF630604AVD','Leslie','B.','Cubillas','Veterinario',10500,'Domingo','5591370042','vetex6@gmail.com','Tlaltenco','Ciruelos','4-A',1015);
INSERT INTO Trabajador VALUES('VALL680704AVD','Yoseline','N.','Alba','Veterinario',10500,'Lunes','5591370043','vetex7@gmail.com','Tlaltenco','Naranjo','89-B',1016);
INSERT INTO Trabajador VALUES('MOAE880925AVD','Hugo','M.','Teofilo','Veterinario',10500,'Martes','5591370044','vetex8@gmail.com','Tlaltenco','Cruz','10',1017);
INSERT INTO Trabajador VALUES('RAAL720806AVD','Maria','Q.','Herrero','Veterinario',10500,'Miercoles','5591370045','vetex9@gmail.com','Tlaltenco','Cedro','11-B',1018);
INSERT INTO Trabajador VALUES('SOIH630204AVD','Pedro','W.','Albor','Veterinario',10500,'Jueves','5591370046','vetex10@gmail.com','Tlaltenco','San Fernando','4',1019);

INSERT INTO Trabajador VALUES('YHUU890214AVD','Jose','E.','Alcala','Veterinario',10500,'Viernes','5591370047','vetex11@gmail.com','Cuitlahuac','Aztecas','001',1020);
INSERT INTO Trabajador VALUES('OURW721212AVD','Itzel','R.','Monroy','Veterinario',10500,'Sabado','5591370048','vetex12@gmail.com','Cuitlahuac','Lirio','412',1021);
INSERT INTO Trabajador VALUES('FCVQ901111AVD','Andres','T.','Reyes','Cientificos',11000,'Domingo','5591370049','cientifico1@gmail.com','Cuitlahuac','Rosa','852',1010);
INSERT INTO Trabajador VALUES('RFTX901212AVD','Alma','Y.','Aquino','Cientificos',11000,'Lunes','5591370050','cientifico2@gmail.com','Cuitlahuac','Margarita','9-Bis',1011);
INSERT INTO Trabajador VALUES('DRFP880202AVD','Blanca','U.','Aldaz','Cientificos',11000,'Martes','5591370051','cientifico3@gmail.com','Cuitlahuac','Uvas','789',1012);
INSERT INTO Trabajador VALUES('ROIF630204ADS','Rosario','I.','Aleman','Cientificos',11000,'Miercoles','5591370052','cientifico4@gmail.com','Cuitlahuac','Ciruelos','4-A',1013);
INSERT INTO Trabajador VALUES('VALL130304AQD','Oscar','O.','Alamazan','Cientificos',11000,'Jueves','5591370053','cientifico5@gmail.com','Cuitlahuac','Naranjo','89-B',1014);
INSERT INTO Trabajador VALUES('MOAE880325ACD','Joel','P.','Almanza','Cientificos',11000,'Viernes','5591370054','cientifico6@gmail.com','Cuitlahuac','Cruz','10',1015);
INSERT INTO Trabajador VALUES('RAAL755206AVF','Mayte','Q.','Calzada','Cientificos',11000,'Sabado','5591370055','cientifico7@gmail.com','Cuitlahuac','Cedro','11-B',1016);
INSERT INTO Trabajador VALUES('SOIF610004GVD','Raul','W.','Canto','Cientificos',11000,'Domingo','5591370056','cientifico8@gmail.com','Cuitlahuac','San Fernando','4',1017);
INSERT INTO Trabajador VALUES('YHUI890214HVD','David','F.','Meza','Cientificos',11000,'Lunes','5591370057','cientifico9@gmail.com','Cuitlahuac','Aztecas','001',1018);
INSERT INTO Trabajador VALUES('OURF721212AJD','Gabriela','C.','Lima','Cientificos',11000,'Martes','5591370058','cientifico10@gmail.com','Cuitlahuac','Lirio','412',1019);
INSERT INTO Trabajador VALUES('FCVG901111AKD','Mariana','V.','Arroy','Cientificos',11000,'Miercoles','5591370059','cientifico11@gmail.com','Cuitlahuac','Rosa','852',1020);
INSERT INTO Trabajador VALUES('RFTG901212AMD','Felix','K.','Gracia','Cientificos',11000,'Jueves','5591370060','cientifico12@gmail.com','Cuitlahuac','Margarita','9-Bis',1021);
INSERT INTO Trabajador VALUES('DRFC880202AWW','Rodolfo','P.','Olmos','Ingeniero',11000,'Viernes','5591370061','inge1@gmail.com','Cuitlahuac','Uvas','789',1010);

INSERT INTO Trabajador VALUES('ROIF700204AQD','Emilio','E.','Vizacarra','Ingeniero',11000,'Sabado','5591370062','inge2@gmail.com','San Jose','Ciruelos','4-A',1011);
INSERT INTO Trabajador VALUES('VALL600304AVD','Omar','R.','Camacho','Ingeniero',11000,'Domingo','5591370063','inge3@gmail.com','San Jose','Naranjo','89-B',1012);
INSERT INTO Trabajador VALUES('MOAE900325AVD','Orlando','R.','Rosas','Ingeniero',11000,'Lunes','5591370064','inge4@gmail.com','San Jose','Cruz','10',1013);
INSERT INTO Trabajador VALUES('RAAL900206AVD','Adolfo','T.','Amaya','Ingeniero',11000,'Martes','5591370065','inge5@gmail.com','San Jose','Cedro','11-B',1014);
INSERT INTO Trabajador VALUES('SOTG630204AVD','Ian','Y.','Maya','Ingeniero',11000,'Miercoles','5591370066','inge6@gmail.com','San Jose','San Fernando','4',1015);
INSERT INTO Trabajador VALUES('YHAE890214AVD','Alfonso','U.','Amaro','Ingeniero',11000,'Jueves','5591370067','inge7@gmail.com','San Jose','Aztecas','001',1016);
INSERT INTO Trabajador VALUES('OGHF721212AVD','Rene','I.','Anzures','Ingeniero',11000,'Viernes','5591370068','inge8@gmail.com','San Jose','Lirio','412',1017);
INSERT INTO Trabajador VALUES('FCTW901111AVD','Yair','D.','Olivo','Ingeniero',11000,'Sabado','5591370069','inge9@gmail.com','San Jose','Rosa','852',1018);
INSERT INTO Trabajador VALUES('RFKL901212AVD','Doralin','G.','Arellano','Ingeniero',11000,'Domingo','5591370070','inge10@gmail.com','San Jose','Margarita','9-Bis',1019);
INSERT INTO Trabajador VALUES('DRFC811020AVI','Anel','C.','Texas','Ingeniero',11000,'Lunes','5591370071','inge11@gmail.com','San Jose','Uvas','789',1020);
INSERT INTO Trabajador VALUES('ROIF639804AVD','Margarita','N.','Ayala','Ingeniero',11000,'Martes','5591370072','inge12@gmail.com','San Jose','Ciruelos','4-A',1021);
INSERT INTO Trabajador VALUES('VALL685404AVD','Cesar','M.','Aviles','Paleontólogo',10000,'Miercoles','5591370073','paleo13@gmail.com','San Jose','Naranjo','89-B',1010);

INSERT INTO Trabajador VALUES('REEL720306AVD','Erique','L.','Badillo','Paleontólogo',10000,'Jueves','5591370074','paleo14@gmail.com','La Habana','Cedro','11-B',1011);
INSERT INTO Trabajador VALUES('SOOF630204AVD','Kevin','L.','Baez','Paleontólogo',10000,'Viernes','5591370075','paleo15@gmail.com','La Habana','San Fernando','4',1012);
INSERT INTO Trabajador VALUES('YHUI890618AVD','Hector','N.','Tello','Paleontólogo',10000,'Sabado','5591370076','paleo16@gmail.com','La Habana','Aztecas','001',1013);
INSERT INTO Trabajador VALUES('OURF721220AVD','Nancy','S.','Reyna','Paleontólogo',10000,'Domingo','5591370077','paleo17@gmail.com','La Habana','Lirio','412',1014);
INSERT INTO Trabajador VALUES('FCVG901120AVD','Diego','E.','Nava','Paleontólogo',10000,'Lunes','5591370078','paleo18@gmail.com','La Habana','Rosa','852',1015);
INSERT INTO Trabajador VALUES('RFTG901220AVD','Dalia','R.','Dueñas','Paleontólogo',10000,'Martes','5591370079','paleo19@gmail.com','La Habana','Margarita','9-Bis',1016);
INSERT INTO Trabajador VALUES('GHFC880202AVS','Estefania','Q.','Cedillo','Paleontólogo',10000,'Miercoles','5591370080','paleo20@gmail.com','La Habana','Uvas','789',1017);
INSERT INTO Trabajador VALUES('GHIF630204AVD','Juan','F.','Leal','Paleontólogo',10000,'Jueves','5591370081','paleo21@gmail.com','La Habana','Ciruelos','4-A',1018);
INSERT INTO Trabajador VALUES('JPLL680304AVD','Noe','A.','Blat','Paleontólogo',10000,'Viernes','5591370082','paleo22@gmail.com','La Habana','Naranjo','89-B',1019);
INSERT INTO Trabajador VALUES('QTAE880325AVD','Osvaldo','S.','Eslava','Paleontólogo',10000,'Sabado','5591370083','paleo23@gmail.com','La Habana','Cruz','10',1020);
INSERT INTO Trabajador VALUES('CUAL720206AVD','Ariel','S.','Casas','Paleontólogo',10000,'Domingo','5591370084','paleo24@gmail.com','La Habana','Cedro','11-B',1021);
--Dinosaurio filo clse reino
INSERT INTO Dinosaurio VALUES('Brachiosaurus','Hojas de las copas de los arboles','Chordata','Sauropsida','Animalia','13-25 metros','35-60 toneladas','Africa,Norte America, Europa',1010);
INSERT INTO Dinosaurio VALUES('Gallimimus','Insectos,gusanos,huevo y plantas','Chordata','Sauropsida','Animalia','Hasta 6 metros','440 kg','Asia',1011);
INSERT INTO Dinosaurio VALUES('Triceratops','Plantas de crecimiento bajo','Chordata','Sauropsida','Animalia','7-9 metros alrgo y 2.9-3 metro de largo ','6.1-12 toneladas','Norte America',1012);
INSERT INTO Dinosaurio VALUES('Parasaurolophus','Plantas','Chordata','Sauropsida','Animalia','10 metros','2.5 toneladas','Norte America',1013);
INSERT INTO Dinosaurio VALUES('Proceratosaurus','Carne','Chordata','Sauropsida','Animalia','3.5 metros de largo y 1.5 de alto','500 kg','Europa',1014);
INSERT INTO Dinosaurio VALUES('Metriacanthousaurus','Carne','Chordata','Sauropsida','Animalia','2.3 altura y 8 metros de largo','1 tonelada','Europa',1015);
INSERT INTO Dinosaurio VALUES('Segisaurus','Insectivoro','Chordata','Sauropsida','Animalia','1 metro','4-7 kg','Europa' ,1016);
INSERT INTO Dinosaurio VALUES('Tyrannosaurus Rex','Carnivoro','Chordata','Sauropsida','Animalia','12.3 metos','6-8 toneladas','Norteamérica occidental',1017);
INSERT INTO Dinosaurio VALUES('Velociraptor','Carne','Chordata','Sauropsida','Animalia','1.8 metros','14-17 kg','Asia Central',1018);
INSERT INTO Dinosaurio VALUES('Dilophasaurus','Carroñero','Chordata','Sauropsida','Animalia','7 metros de largo y 2.50 m de alto','350 kg','NorteAmerica',1019);
INSERT INTO Dinosaurio VALUES('Herrerasaurus','Carne','Chordata','Sauropsida','Animalia','3 y 6 metros largo, y una altura a las caderas de 1.1 metros','210 a 350 kilogramos','Noreste de Argentina',1020);
INSERT INTO Dinosaurio VALUES('Baryonyx','Carnivora','Chordata','Sauropsida','Animalia','9.5 metros de largo y entre 2.6 y 2.75 m de alto','1.7 y 2.7 toneladas','Europa y posiblemente Arfica',1021);
--Dispone 
INSERT INTO Dispone VALUES('ASDS3344NDS49DSXE',1010);
INSERT INTO Dispone VALUES('LSDDA8Q0CAJSWS81R',1011);
INSERT INTO Dispone VALUES('SJCASD933DASD88SD',1012);
INSERT INTO Dispone VALUES('SJCASD133DASD88SD',1013);
INSERT INTO Dispone VALUES('SJCASD233DASD88SD',1014);
INSERT INTO Dispone VALUES('SJCASD333DASD88SD',1015);
INSERT INTO Dispone VALUES('SJCASD433DASD88SD',1016);
INSERT INTO Dispone VALUES('SJCASD533DASD88SD',1017);
INSERT INTO Dispone VALUES('SJCASD633DASD88SD',1018);
INSERT INTO Dispone VALUES('SJCASD733DASD88SD',1019);
INSERT INTO Dispone VALUES('SJCASD833DASD88SD',1020);
INSERT INTO Dispone VALUES('SJCASD103DASD88SD',1021);
INSERT INTO Dispone VALUES('2311FNDOASJR48AE8',1010);
INSERT INTO Dispone VALUES('GNS043834JNFSSJO9',1011);
INSERT INTO Dispone VALUES('123NFERFLCXZMSASD',1012);
INSERT INTO Dispone VALUES('223NFERFLCXZMSASD',1013);
INSERT INTO Dispone VALUES('323NFERFLCXZMSASD',1014);
INSERT INTO Dispone VALUES('423NFERFLCXZMSASD',1015);
INSERT INTO Dispone VALUES('523NFERFLCXZMSASD',1016);
INSERT INTO Dispone VALUES('623NFERFLCXZMSASD',1017);
INSERT INTO Dispone VALUES('723NFERFLCXZMSASD',1018);
INSERT INTO Dispone VALUES('823NFERFLCXZMSASD',1019);
INSERT INTO Dispone VALUES('923NFERFLCXZMSASD',1020);
INSERT INTO Dispone VALUES('103NFERFLCXZMSASD',1021);
INSERT INTO Dispone VALUES('113NFERFLCXZMSASD',1010);
INSERT INTO Dispone VALUES('MZLFIWG239SNW0WU2',1011);
INSERT INTO Dispone VALUES('12932FNA8472NDS03',1012);
INSERT INTO Dispone VALUES('0901291MSLZMZLXLZ',1013);
INSERT INTO Dispone VALUES('9901291MSLZMZLXLZ',1014);
INSERT INTO Dispone VALUES('8901291MSLZMZLXLZ',1015);
INSERT INTO Dispone VALUES('7901291MSLZMZLXLZ',1016);
INSERT INTO Dispone VALUES('6901291MSLZMZLXLZ',1017);
INSERT INTO Dispone VALUES('5901291MSLZMZLXLZ',1018);
INSERT INTO Dispone VALUES('4901291MSLZMZLXLZ',1019);
INSERT INTO Dispone VALUES('3901291MSLZMZLXLZ',1020);
INSERT INTO Dispone VALUES('2901291MSLZMZLXLZ',1021);
INSERT INTO Dispone VALUES('1901291MSLZMZLXLZ',1010);
INSERT INTO Dispone VALUES('1001291MSLZMZLXLZ',1011);
INSERT INTO Dispone VALUES('1101291MSLZMZLXLZ',1012);
INSERT INTO Dispone VALUES('1201291MSLZMZLXLZ',1013);
INSERT INTO Dispone VALUES('1301291MSLZMZLXLZ',1014);
--Realiza              id_res   clave    grado
INSERT INTO Realiza(clave,grado) VALUES('09UBH0024E',1);
INSERT INTO Realiza(clave,grado) VALUES('09UBH0024E',2);
INSERT INTO Realiza(clave,grado) VALUES('09UBH0025D',3);
INSERT INTO Realiza(clave,grado) VALUES('09UBH0026C',1);
INSERT INTO Realiza(clave,grado) VALUES('09UBH0026C',3);
INSERT INTO Realiza(clave,grado) VALUES('09UBH0027B',2);
INSERT INTO Realiza(clave,grado) VALUES('09UBH0028A',1);
INSERT INTO Realiza(clave,grado) VALUES('09UBH0029Z',3);
INSERT INTO Realiza(clave,grado) VALUES('09UBH0030P',2);
INSERT INTO Realiza(clave,grado) VALUES('09UBH0031O',1);
--Labora  
INSERT INTO Labora VALUES('NUAA6506018A7','09UBH0024E');
INSERT INTO Labora VALUES('BALA6606025S1','09UBH0024E');
INSERT INTO Labora VALUES('AEEJ670603N60','09UBH0024E');

INSERT INTO Labora VALUES('CACO680604TC6','09UBH0025D');
INSERT INTO Labora VALUES('COOR690605CB6','09UBH0025D');

INSERT INTO Labora VALUES('EIOG700606PR9','09UBH0026C');
INSERT INTO Labora VALUES('FOLC710607U55','09UBH0026C');
INSERT INTO Labora VALUES('GAAL720608556','09UBH0026C');

INSERT INTO Labora VALUES('CUDJ730609MJ0','09UBH0027B');
INSERT INTO Labora VALUES('RIGA740610KZA','09UBH0027B');
INSERT INTO Labora VALUES('AUMV680611MJ6','09UBH0027B');

INSERT INTO Labora VALUES('CABD690612ES8','09UBH0028A');

INSERT INTO Labora VALUES('CAMA7006138C2','09UBH0029Z');
INSERT INTO Labora VALUES('BABJ710614IW7','09UBH0029Z');

INSERT INTO Labora VALUES('DEDG720615QG3','09UBH0030P');
INSERT INTO Labora VALUES('AAAK730616JR6','09UBH0030P');
INSERT INTO Labora VALUES('PILS740617ESA','09UBH0030P');

INSERT INTO Labora VALUES('VIAI750618H89','09UBH0031O');
INSERT INTO Labora VALUES('MASM760619AM0','09UBH0031O');
INSERT INTO Labora VALUES('AURL770620795','09UBH0031O');

ALTER SEQUENCE Reservacion_id_reservacion_seq START 11;
ALTER SEQUENCE Realiza_id_reservacion_seq START 11;
ALTER SEQUENCE Zonas_Visita_id_reservacion_seq START 11;