--Persona

INSERT INTO Persona VALUES('AOIF630204516','Juan','Amena','Cruz','1988-01-14','M','Puebla','Lomas','Langosta','120-A','10020');
INSERT INTO Persona VALUES('AALL680304632','Ernesto','Bernal','Alva','1992-03-04','M','Puebla','Lomas','Langosta','120-A','10020');
INSERT INTO Persona VALUES('AALL680304633','Luis','Camacho','Abreu','1968-03-04','M','Puebla','Lomas','Langosta','120-A','10020');
INSERT INTO Persona VALUES('AOAE880325540','Gabriel','Diaz','Duran','1988-03-25','M','Puebla','Lomas','Langosta','120-A','10020');
INSERT INTO Persona VALUES('AAAL720206711','Karla','Estrada','Barrera','1972-02-06','F','Puebla','Lomas','Langosta','120-A','10020');
INSERT INTO Persona VALUES('ATIF630204516','Diana','Fuentes','Flores','1963-02-04','F','Puebla','Lomas','Langosta','120-A','10020');
INSERT INTO Persona VALUES('AHUI890214512','Manuel','Galicia','Acosta','1989-12-14','M','Puebla','Lomas','Langosta','120-A','10020');
INSERT INTO Persona VALUES('AURF721212587','Karina','Herrera','Checa','1972-12-12','F','Puebla','Lomas','Langosta','120-A','10020');
INSERT INTO Persona VALUES('ACVG901111547','Jessica','Inzua','Medina','1990-11-11','F','Puebla','Lomas','Langosta','120-A','10020');
INSERT INTO Persona VALUES('AFTG901212854','Afredo','Jimenez','Romero','1990-12-12','M','Puebla','Lomas','Langosta','120-A','10020');
INSERT INTO Persona VALUES('ARFC880202578','Estefania','Kal','Ureña','1988-02-02','F','Puebla','Lomas','Langosta','120-A','10020');

INSERT INTO Persona VALUES('BOIF630204516','Juan','Amena','Cruz','1988-01-14','M','México','Habana','Girasoles','12-A','13020');
INSERT INTO Persona VALUES('BALL680304632','Ernesto','Bernal','Alva','1992-03-04','M','México','Habana','Girasoles','12-A','13020');
INSERT INTO Persona VALUES('BALL680304633','Luis','Camacho','Abreu','1968-03-04','M','México','Habana','Girasoles','12-A','13020');
INSERT INTO Persona VALUES('BOAE880325540','Gabriel','Diaz','Duran','1988-03-25','M','México','Habana','Girasoles','12-A','13020');
INSERT INTO Persona VALUES('BAAL720206711','Karla','Estrada','Barrera','1972-02-06','F','México','Habana','Girasoles','12-A','13020');
INSERT INTO Persona VALUES('BOIF630204510','Diana','Fuentes','Flores','1963-02-04','F','México','Habana','Girasoles','12-A','13020');
INSERT INTO Persona VALUES('BHUI890214512','Manuel','Galicia','Acosta','1989-12-14','M','México','Habana','Girasoles','12-A','13020');
INSERT INTO Persona VALUES('BURF721212587','Karina','Herrera','Checa','1972-12-12','F','México','Habana','Girasoles','12-A','13020');
INSERT INTO Persona VALUES('BCVG901111547','Jessica','Inzua','Medina','1990-11-11','F','México','Habana','Girasoles','12-A','13020');
INSERT INTO Persona VALUES('BFTG901212854','Afredo','Jimenez','Romero','1990-12-12','M','México','Habana','Girasoles','12-A','13020');
INSERT INTO Persona VALUES('BRFC880202578','Estefania','Kal','Ureña','1988-02-02','F','México','Habana','Girasoles','12-A','13020');

INSERT INTO Persona VALUES('COIF630204516','Juan','Amena','Cruz','1988-01-14','M','Tlaxcala','San Fernando','Campos','666DA','6663');
INSERT INTO Persona VALUES('CALL680304632','Ernesto','Bernal','Alva','1992-03-04','M','Tlaxcala','San Fernando','Campos','666DA','6663');
INSERT INTO Persona VALUES('CALL680304633','Luis','Camacho','Abreu','1968-03-04','M','Tlaxcala','San Fernando','Campos','666DA','6663');
INSERT INTO Persona VALUES('COAE880325540','Gabriel','Diaz','Duran','1988-03-25','M','Tlaxcala','San Fernando','Campos','666DA','6663');
INSERT INTO Persona VALUES('CAAL720206711','Karla','Estrada','Barrera','1972-02-06','F','Tlaxcala','San Fernando','Campos','666DA','6663');
INSERT INTO Persona VALUES('COIF630204510','Diana','Fuentes','Flores','1963-02-04','F','Tlaxcala','San Fernando','Campos','666DA','6663');
INSERT INTO Persona VALUES('CHUI890214512','Manuel','Galicia','Acosta','1989-12-14','M','Tlaxcala','San Fernando','Campos','666DA','6663');
INSERT INTO Persona VALUES('CURF721212587','Karina','Herrera','Checa','1972-12-12','F','Tlaxcala','San Fernando','Campos','666DA','6663');
INSERT INTO Persona VALUES('CCVG901111547','Jessica','Inzua','Medina','1990-11-11','F','Tlaxcala','San Fernando','Campos','666DA','6663');
INSERT INTO Persona VALUES('CFTG901212854','Afredo','Jimenez','Romero','1990-12-12','M','Tlaxcala','San Fernando','Campos','666DA','6663');
INSERT INTO Persona VALUES('CRFC880202578','Estefania','Kal','Ureña','1988-02-02','F','Tlaxcala','San Fernando','Campos','666DA','6663');

INSERT INTO Persona VALUES('DOIF630204516','Juan','Amena','Cruz','1988-01-14','M','Edo. México','Topilejo','Cazares','000','40313');
INSERT INTO Persona VALUES('DALL680304632','Ernesto','Bernal','Alva','1992-03-04','M','Edo. México','Topilejo','Cazares','000','40313');
INSERT INTO Persona VALUES('DALL680304633','Luis','Camacho','Abreu','1968-03-04','M','Edo. México','Topilejo','Cazares','000','40313');
INSERT INTO Persona VALUES('DOAE880325540','Gabriel','Diaz','Duran','1988-03-25','M','Edo. México','Topilejo','Cazares','000','40313');
INSERT INTO Persona VALUES('DAAL720206711','Karla','Estrada','Barrera','1972-02-06','F','Edo. México','Topilejo','Cazares','000','40313');
INSERT INTO Persona VALUES('DOIF630204716','Diana','Fuentes','Flores','1963-02-04','F','Edo. México','Topilejo','Cazares','000','40313');
INSERT INTO Persona VALUES('DHUI890214512','Manuel','Galicia','Acosta','1989-12-14','M','Edo. México','Topilejo','Cazares','000','40313');
INSERT INTO Persona VALUES('DURF721212587','Karina','Herrera','Checa','1972-12-12','F','Edo. México','Topilejo','Cazares','000','40313');
INSERT INTO Persona VALUES('DCVG901111547','Jessica','Inzua','Medina','1990-11-11','F','Edo. México','Topilejo','Cazares','000','40313');
INSERT INTO Persona VALUES('DFTG901212854','Afredo','Jimenez','Romero','1990-12-12','M','Edo. México','Topilejo','Cazares','000','40313');
INSERT INTO Persona VALUES('DRFC880202578','Estefania','Kal','Ureña','1988-02-02','F','Edo. México','Topilejo','Cazares','000','40313');

INSERT INTO Persona VALUES('EOIF630204516','Juan','Amena','Cruz','1988-01-14','M','Queretaro','San Juan del Rio','Lamda','2121-Z','99993');
INSERT INTO Persona VALUES('EALL680304632','Ernesto','Bernal','Alva','1992-03-04','M','Queretaro','San Juan del Rio','Lamda','2121-Z','99993');
INSERT INTO Persona VALUES('EALL680304633','Luis','Camacho','Abreu','1968-03-04','M','Queretaro','San Juan del Rio','Lamda','2121-Z','99993');
INSERT INTO Persona VALUES('EOAE880325540','Gabriel','Diaz','Duran','1988-03-25','M','Queretaro','San Juan del Rio','Lamda','2121-Z','99993');
INSERT INTO Persona VALUES('EAAL720206711','Karla','Estrada','Barrera','1972-02-06','F','Queretaro','San Juan del Rio','Lamda','2121-Z','99993');
INSERT INTO Persona VALUES('EOIF630204510','Diana','Fuentes','Flores','1963-02-04','F','Queretaro','San Juan del Rio','Lamda','2121-Z','99993');
INSERT INTO Persona VALUES('EHUI890214512','Manuel','Galicia','Acosta','1989-12-14','M','Queretaro','San Juan del Rio','Lamda','2121-Z','99993');
INSERT INTO Persona VALUES('EURF721212587','Karina','Herrera','Checa','1972-12-12','F','Queretaro','San Juan del Rio','Lamda','2121-Z','99993');
INSERT INTO Persona VALUES('ECVG901111547','Jessica','Inzua','Medina','1990-11-11','F','Queretaro','San Juan del Rio','Lamda','2121-Z','99993');
INSERT INTO Persona VALUES('EFTG901212854','Afredo','Jimenez','Romero','1990-12-12','M','Queretaro','San Juan del Rio','Lamda','2121-Z','99993');
INSERT INTO Persona VALUES('ERFC880202578','Estefania','Kal','Ureña','1988-02-02','F','Queretaro','San Juan del Rio','Lamda','2121-Z','99993');

INSERT INTO Persona VALUES('FOIF630204516','Juan','Amena','Cruz','1988-01-14','M','Morelos','San Vicente','Escarcha','xxx','90113');
INSERT INTO Persona VALUES('FALL680304632','Ernesto','Bernal','Alva','1992-03-04','M','Morelos','San Vicente','Escarcha','xxx','90113');
INSERT INTO Persona VALUES('FALL680304633','Luis','Camacho','Abreu','1968-03-04','M','Morelos','San Vicente','Escarcha','xxx','90113');
INSERT INTO Persona VALUES('FOAE880325540','Gabriel','Diaz','Duran','1988-03-25','M','Morelos','San Vicente','Escarcha','xxx','90113');
INSERT INTO Persona VALUES('FAAL720206711','Karla','Estrada','Barrera','1972-02-06','F','Morelos','San Vicente','Escarcha','xxx','90113');
INSERT INTO Persona VALUES('FOIA630204510','Diana','Fuentes','Flores','1963-02-04','F','Morelos','San Vicente','Escarcha','xxx','90113');
INSERT INTO Persona VALUES('FHUI890214512','Manuel','Galicia','Acosta','1989-12-14','M','Morelos','San Vicente','Escarcha','xxx','90113');
INSERT INTO Persona VALUES('FURF721212587','Karina','Herrera','Checa','1972-12-12','F','Morelos','San Vicente','Escarcha','xxx','90113');
INSERT INTO Persona VALUES('FCVG901111547','Jessica','Inzua','Medina','1990-11-11','F','Morelos','San Vicente','Escarcha','xxx','90113');
INSERT INTO Persona VALUES('FFTG901212854','Afredo','Jimenez','Romero','1990-12-12','M','Morelos','San Vicente','Escarcha','xxx','90113');
INSERT INTO Persona VALUES('FRFC880202578','Estefania','Kal','Ureña','1988-02-02','F','Morelos','San Vicente','Escarcha','xxx','90113');

INSERT INTO Persona VALUES('GOIF630204516','Juan','Amena','Cruz','1988-01-14','M','Hidalgo','Tula','Roma','3B','30213');
INSERT INTO Persona VALUES('GALL680304632','Ernesto','Bernal','Alva','1992-03-04','M','Hidalgo','Tula','Roma','3B','30213');
INSERT INTO Persona VALUES('GALL680304633','Luis','Camacho','Abreu','1968-03-04','M','Hidalgo','Tula','Roma','3B','30213');
INSERT INTO Persona VALUES('GOAE880325540','Gabriel','Diaz','Duran','1988-03-25','M','Hidalgo','Tula','Roma','3B','30213');
INSERT INTO Persona VALUES('GAAL720206711','Karla','Estrada','Barrera','1972-02-06','F','Hidalgo','Tula','Roma','3B','30213');
INSERT INTO Persona VALUES('GOIF930204510','Diana','Fuentes','Flores','1963-02-04','F','Hidalgo','Tula','Roma','3B','30213');
INSERT INTO Persona VALUES('GHUI890214512','Manuel','Galicia','Acosta','1989-12-14','M','Hidalgo','Tula','Roma','3B','30213');
INSERT INTO Persona VALUES('GURF721212587','Karina','Herrera','Checa','1972-12-12','F','Hidalgo','Tula','Roma','3B','30213');
INSERT INTO Persona VALUES('GCVG901111547','Jessica','Inzua','Medina','1990-11-11','F','Hidalgo','Tula','Roma','3B','30213');
INSERT INTO Persona VALUES('GFTG901212854','Afredo','Jimenez','Romero','1990-12-12','M','Hidalgo','Tula','Roma','3B','30213');
INSERT INTO Persona VALUES('GRFC880202578','Estefania','Kal','Ureña','1988-02-02','F','Hidalgo','Tula','Roma','3B','30213');

--Tel Persona
INSERT INTO Telefonos_Persona VALUES('AOIF630204516','+52 5512345678');
INSERT INTO Telefonos_Persona VALUES('AALL680304632','+52 5522345678');
INSERT INTO Telefonos_Persona VALUES('AALL680304633','+52 5532345678');
INSERT INTO Telefonos_Persona VALUES('AOAE880325540','+52 5542345678');
INSERT INTO Telefonos_Persona VALUES('AAAL720206711','+52 5552345678');
INSERT INTO Telefonos_Persona VALUES('ATIF630204516','+52 5562345678');
INSERT INTO Telefonos_Persona VALUES('AHUI890214512','+52 5572345678');
INSERT INTO Telefonos_Persona VALUES('AURF721212587','+52 5582345678');
INSERT INTO Telefonos_Persona VALUES('ACVG901111547','+52 5592345678');
INSERT INTO Telefonos_Persona VALUES('AFTG901212854','+52 5510345678');
INSERT INTO Telefonos_Persona VALUES('ARFC880202578','+52 5511345678');

INSERT INTO Telefonos_Persona VALUES('BOIF630204516','+52 5512345600');
INSERT INTO Telefonos_Persona VALUES('BALL680304632','+52 5512345601');
INSERT INTO Telefonos_Persona VALUES('BALL680304633','+52 5512345602');
INSERT INTO Telefonos_Persona VALUES('BOAE880325540','+52 5512345603');
INSERT INTO Telefonos_Persona VALUES('BAAL720206711','+52 5512345604');
INSERT INTO Telefonos_Persona VALUES('BOIF630204510','+52 5512345605');
INSERT INTO Telefonos_Persona VALUES('BHUI890214512','+52 5512345606');
INSERT INTO Telefonos_Persona VALUES('BURF721212587','+52 5512345607');
INSERT INTO Telefonos_Persona VALUES('BCVG901111547','+52 5512345608');
INSERT INTO Telefonos_Persona VALUES('BFTG901212854','+52 5512345609');
INSERT INTO Telefonos_Persona VALUES('BRFC880202578','+52 5512345610');

INSERT INTO Telefonos_Persona VALUES('COIF630204516','+52 5512345611');
INSERT INTO Telefonos_Persona VALUES('CALL680304632','+52 5512345612');
INSERT INTO Telefonos_Persona VALUES('CALL680304633','+52 5512345613');
INSERT INTO Telefonos_Persona VALUES('COAE880325540','+52 5512345614');
INSERT INTO Telefonos_Persona VALUES('CAAL720206711','+52 5512345615');
INSERT INTO Telefonos_Persona VALUES('COIF630204510','+52 5512345616');
INSERT INTO Telefonos_Persona VALUES('CHUI890214512','+52 5512345617');
INSERT INTO Telefonos_Persona VALUES('CURF721212587','+52 5512345618');
INSERT INTO Telefonos_Persona VALUES('CCVG901111547','+52 5512345619');
INSERT INTO Telefonos_Persona VALUES('CFTG901212854','+52 5512345620');
INSERT INTO Telefonos_Persona VALUES('CRFC880202578','+52 5512345621');

INSERT INTO Telefonos_Persona VALUES('DOIF630204516','+52 5512345622');
INSERT INTO Telefonos_Persona VALUES('DALL680304632','+52 5512345623');
INSERT INTO Telefonos_Persona VALUES('DALL680304633','+52 5512345624');
INSERT INTO Telefonos_Persona VALUES('DOAE880325540','+52 5512345625');
INSERT INTO Telefonos_Persona VALUES('DAAL720206711','+52 5512345626');
INSERT INTO Telefonos_Persona VALUES('DOIF630204516','+52 5512345627');
INSERT INTO Telefonos_Persona VALUES('DHUI890214512','+52 5512345628');
INSERT INTO Telefonos_Persona VALUES('DURF721212587','+52 5512345629');
INSERT INTO Telefonos_Persona VALUES('DCVG901111547','+52 5512345630');
INSERT INTO Telefonos_Persona VALUES('DFTG901212854','+52 5512345631');
INSERT INTO Telefonos_Persona VALUES('DRFC880202578','+52 5512345632');

INSERT INTO Telefonos_Persona VALUES('EOIF630204516','+52 5512345633');
INSERT INTO Telefonos_Persona VALUES('EALL680304632','+52 5512345634');
INSERT INTO Telefonos_Persona VALUES('EALL680304633','+52 5512345635');
INSERT INTO Telefonos_Persona VALUES('EOAE880325540','+52 5512345636');
INSERT INTO Telefonos_Persona VALUES('EAAL720206711','+52 5512345637');
INSERT INTO Telefonos_Persona VALUES('EOIF630204516','+52 5512345638');
INSERT INTO Telefonos_Persona VALUES('EHUI890214512','+52 5512345639');
INSERT INTO Telefonos_Persona VALUES('EURF721212587','+52 5512345640');
INSERT INTO Telefonos_Persona VALUES('ECVG901111547','+52 5512345641');
INSERT INTO Telefonos_Persona VALUES('EFTG901212854','+52 5512345642');
INSERT INTO Telefonos_Persona VALUES('ERFC880202578','+52 5512345643');

INSERT INTO Telefonos_Persona VALUES('FOIF630204516','+52 5512345644');
INSERT INTO Telefonos_Persona VALUES('FALL680304632','+52 5512345645');
INSERT INTO Telefonos_Persona VALUES('FALL680304633','+52 5512345646');
INSERT INTO Telefonos_Persona VALUES('FOAE880325540','+52 5512345647');
INSERT INTO Telefonos_Persona VALUES('FAAL720206711','+52 5512345648');
INSERT INTO Telefonos_Persona VALUES('FOIF630204516','+52 5512345649');
INSERT INTO Telefonos_Persona VALUES('FHUI890214512','+52 5512345650');
INSERT INTO Telefonos_Persona VALUES('FURF721212587','+52 5512345651');
INSERT INTO Telefonos_Persona VALUES('FCVG901111547','+52 5512345652');
INSERT INTO Telefonos_Persona VALUES('FFTG901212854','+52 5512345653');
INSERT INTO Telefonos_Persona VALUES('FRFC880202578','+52 5512345654');

INSERT INTO Telefonos_Persona VALUES('GOIF630204516','+52 5512345655');
INSERT INTO Telefonos_Persona VALUES('GALL680304632','+52 5512345656');
INSERT INTO Telefonos_Persona VALUES('GALL680304633','+52 5512345657');
INSERT INTO Telefonos_Persona VALUES('GOAE880325540','+52 5512345658');
INSERT INTO Telefonos_Persona VALUES('GAAL720206711','+52 5512345659');
INSERT INTO Telefonos_Persona VALUES('GOIF630204516','+52 5512345660');
INSERT INTO Telefonos_Persona VALUES('GHUI890214512','+52 5512345661');
INSERT INTO Telefonos_Persona VALUES('GURF721212587','+52 5512345662');
INSERT INTO Telefonos_Persona VALUES('GCVG901111547','+52 5512345663');
INSERT INTO Telefonos_Persona VALUES('GFTG901212854','+52 5512345664');
INSERT INTO Telefonos_Persona VALUES('GRFC880202578','+52 5512345665');
-----
INSERT INTO Telefonos_Persona VALUES('AOIF630204516','58123400');
INSERT INTO Telefonos_Persona VALUES('AALL680304632','58123401');
INSERT INTO Telefonos_Persona VALUES('AALL680304633','58123402');
INSERT INTO Telefonos_Persona VALUES('AOAE880325540','58123403');
INSERT INTO Telefonos_Persona VALUES('AAAL720206711','58123404');
INSERT INTO Telefonos_Persona VALUES('ATIF630204516','58123405');
INSERT INTO Telefonos_Persona VALUES('AHUI890214512','58123406');
INSERT INTO Telefonos_Persona VALUES('AURF721212587','58123407');
INSERT INTO Telefonos_Persona VALUES('ACVG901111547','58123408');
INSERT INTO Telefonos_Persona VALUES('AFTG901212854','58123409');
INSERT INTO Telefonos_Persona VALUES('ARFC880202578','58123410');

INSERT INTO Telefonos_Persona VALUES('BOIF630204516','58123411');
INSERT INTO Telefonos_Persona VALUES('BALL680304632','58123412');
INSERT INTO Telefonos_Persona VALUES('BALL680304633','58123413');
INSERT INTO Telefonos_Persona VALUES('BOAE880325540','58123414');
INSERT INTO Telefonos_Persona VALUES('BAAL720206711','58123415');
INSERT INTO Telefonos_Persona VALUES('BOIF630204510','58123416');
INSERT INTO Telefonos_Persona VALUES('BHUI890214512','58123417');
INSERT INTO Telefonos_Persona VALUES('BURF721212587','58123418');
INSERT INTO Telefonos_Persona VALUES('BCVG901111547','58123419');
INSERT INTO Telefonos_Persona VALUES('BFTG901212854','58123420');
INSERT INTO Telefonos_Persona VALUES('BRFC880202578','58123421');

INSERT INTO Telefonos_Persona VALUES('COIF630204516','58123422');
INSERT INTO Telefonos_Persona VALUES('CALL680304632','58123423');
INSERT INTO Telefonos_Persona VALUES('CALL680304633','58123424');
INSERT INTO Telefonos_Persona VALUES('COAE880325540','58123425');
INSERT INTO Telefonos_Persona VALUES('CAAL720206711','58123426');
INSERT INTO Telefonos_Persona VALUES('COIF630204516','58123427');
INSERT INTO Telefonos_Persona VALUES('CHUI890214512','58123428');
INSERT INTO Telefonos_Persona VALUES('CURF721212587','58123429');
INSERT INTO Telefonos_Persona VALUES('CCVG901111547','58123430');
INSERT INTO Telefonos_Persona VALUES('CFTG901212854','58123431');
INSERT INTO Telefonos_Persona VALUES('CRFC880202578','58123432');

INSERT INTO Telefonos_Persona VALUES('DOIF630204516','58123433');
INSERT INTO Telefonos_Persona VALUES('DALL680304632','58123434');
INSERT INTO Telefonos_Persona VALUES('DALL680304633','58123435');
INSERT INTO Telefonos_Persona VALUES('DOAE880325540','58123436');
INSERT INTO Telefonos_Persona VALUES('DAAL720206711','58123437');
INSERT INTO Telefonos_Persona VALUES('DOIF630204516','58123438');
INSERT INTO Telefonos_Persona VALUES('DHUI890214512','58123439');
INSERT INTO Telefonos_Persona VALUES('DURF721212587','58123440');
INSERT INTO Telefonos_Persona VALUES('DCVG901111547','58123441');
INSERT INTO Telefonos_Persona VALUES('DFTG901212854','58123442');
INSERT INTO Telefonos_Persona VALUES('DRFC880202578','58123443');

INSERT INTO Telefonos_Persona VALUES('EOIF630204516','58123444');
INSERT INTO Telefonos_Persona VALUES('EALL680304632','58123445');
INSERT INTO Telefonos_Persona VALUES('EALL680304633','58123446');
INSERT INTO Telefonos_Persona VALUES('EOAE880325540','58123447');
INSERT INTO Telefonos_Persona VALUES('EAAL720206711','58123448');
INSERT INTO Telefonos_Persona VALUES('EOIF630204516','58123449');
INSERT INTO Telefonos_Persona VALUES('EHUI890214512','58123450');
INSERT INTO Telefonos_Persona VALUES('EURF721212587','58123451');
INSERT INTO Telefonos_Persona VALUES('ECVG901111547','58123452');
INSERT INTO Telefonos_Persona VALUES('EFTG901212854','58123453');
INSERT INTO Telefonos_Persona VALUES('ERFC880202578','58123454');

INSERT INTO Telefonos_Persona VALUES('FOIF630204516','58123455');
INSERT INTO Telefonos_Persona VALUES('FALL680304632','58123456');
INSERT INTO Telefonos_Persona VALUES('FALL680304633','58123457');
INSERT INTO Telefonos_Persona VALUES('FOAE880325540','58123458');
INSERT INTO Telefonos_Persona VALUES('FAAL720206711','58123459');
INSERT INTO Telefonos_Persona VALUES('FOIF630204516','58123460');
INSERT INTO Telefonos_Persona VALUES('FHUI890214512','58123461');
INSERT INTO Telefonos_Persona VALUES('FURF721212587','58123462');
INSERT INTO Telefonos_Persona VALUES('FCVG901111547','58123463');
INSERT INTO Telefonos_Persona VALUES('FFTG901212854','58123464');
INSERT INTO Telefonos_Persona VALUES('FRFC880202578','58123465');

INSERT INTO Telefonos_Persona VALUES('GOIF630204516','58123466');
INSERT INTO Telefonos_Persona VALUES('GALL680304632','58123467');
INSERT INTO Telefonos_Persona VALUES('GALL680304633','58123468');
INSERT INTO Telefonos_Persona VALUES('GOAE880325540','58123469');
INSERT INTO Telefonos_Persona VALUES('GAAL720206711','58123470');
INSERT INTO Telefonos_Persona VALUES('GOIF630204516','58123471');
INSERT INTO Telefonos_Persona VALUES('GHUI890214512','58123472');
INSERT INTO Telefonos_Persona VALUES('GURF721212587','58123473');
INSERT INTO Telefonos_Persona VALUES('GCVG901111547','58123474');
INSERT INTO Telefonos_Persona VALUES('GFTG901212854','58123475');
INSERT INTO Telefonos_Persona VALUES('GRFC880202578','58123476');

--Email Persona
INSERT INTO Email_Persona VALUES('AOIF630204516','persona00@outlook.com');
INSERT INTO Email_Persona VALUES('AALL680304632','persona01@outlook.com');
INSERT INTO Email_Persona VALUES('AALL680304633','persona02@outlook.com');
INSERT INTO Email_Persona VALUES('AOAE880325540','persona03@outlook.com');
INSERT INTO Email_Persona VALUES('AAAL720206711','persona04@outlook.com');
INSERT INTO Email_Persona VALUES('ATIF630204516','persona05@outlook.com');
INSERT INTO Email_Persona VALUES('AHUI890214512','persona06@outlook.com');
INSERT INTO Email_Persona VALUES('AURF721212587','persona07@outlook.com');
INSERT INTO Email_Persona VALUES('ACVG901111547','persona08@outlook.com');
INSERT INTO Email_Persona VALUES('AFTG901212854','persona09@outlook.com');
INSERT INTO Email_Persona VALUES('ARFC880202578','persona10@outlook.com');

INSERT INTO Email_Persona VALUES('BOIF630204516','persona11@outlook.com');
INSERT INTO Email_Persona VALUES('BALL680304632','persona12@outlook.com');
INSERT INTO Email_Persona VALUES('BALL680304633','persona13@outlook.com');
INSERT INTO Email_Persona VALUES('BOAE880325540','persona14@outlook.com');
INSERT INTO Email_Persona VALUES('BAAL720206711','persona15@outlook.com');
INSERT INTO Email_Persona VALUES('BOIF630204510','persona16@outlook.com');
INSERT INTO Email_Persona VALUES('BHUI890214512','persona17@outlook.com');
INSERT INTO Email_Persona VALUES('BURF721212587','persona18@outlook.com');
INSERT INTO Email_Persona VALUES('BCVG901111547','persona19@outlook.com');
INSERT INTO Email_Persona VALUES('BFTG901212854','persona20@outlook.com');
INSERT INTO Email_Persona VALUES('BRFC880202578','persona21@outlook.com');

INSERT INTO Email_Persona VALUES('COIF630204516','persona22@outlook.com');
INSERT INTO Email_Persona VALUES('CALL680304632','persona23@outlook.com');
INSERT INTO Email_Persona VALUES('CALL680304633','persona24@outlook.com');
INSERT INTO Email_Persona VALUES('COAE880325540','persona25@outlook.com');
INSERT INTO Email_Persona VALUES('CAAL720206711','persona26@outlook.com');
INSERT INTO Email_Persona VALUES('COIF630204510','persona27@outlook.com');
INSERT INTO Email_Persona VALUES('CHUI890214512','persona28@outlook.com');
INSERT INTO Email_Persona VALUES('CURF721212587','persona29@outlook.com');
INSERT INTO Email_Persona VALUES('CCVG901111547','persona30@outlook.com');
INSERT INTO Email_Persona VALUES('CFTG901212854','persona31@outlook.com');
INSERT INTO Email_Persona VALUES('CRFC880202578','persona32@outlook.com');

INSERT INTO Email_Persona VALUES('DOIF630204516','persona33@outlook.com');
INSERT INTO Email_Persona VALUES('DALL680304632','persona34@outlook.com');
INSERT INTO Email_Persona VALUES('DALL680304633','persona35@outlook.com');
INSERT INTO Email_Persona VALUES('DOAE880325540','persona36@outlook.com');
INSERT INTO Email_Persona VALUES('DAAL720206711','persona37@outlook.com');
INSERT INTO Email_Persona VALUES('DOIF630204516','persona38@outlook.com');
INSERT INTO Email_Persona VALUES('DHUI890214512','persona39@outlook.com');
INSERT INTO Email_Persona VALUES('DURF721212587','persona40@outlook.com');
INSERT INTO Email_Persona VALUES('DCVG901111547','persona41@outlook.com');
INSERT INTO Email_Persona VALUES('DFTG901212854','persona42@outlook.com');
INSERT INTO Email_Persona VALUES('DRFC880202578','persona43@outlook.com');

INSERT INTO Email_Persona VALUES('EOIF630204516','persona44@outlook.com');
INSERT INTO Email_Persona VALUES('EALL680304632','persona45@outlook.com');
INSERT INTO Email_Persona VALUES('EALL680304633','persona46@outlook.com');
INSERT INTO Email_Persona VALUES('EOAE880325540','persona47@outlook.com');
INSERT INTO Email_Persona VALUES('EAAL720206711','persona48@outlook.com');
INSERT INTO Email_Persona VALUES('EOIF630204516','persona49@outlook.com');
INSERT INTO Email_Persona VALUES('EHUI890214512','persona50@outlook.com');
INSERT INTO Email_Persona VALUES('EURF721212587','persona51@outlook.com');
INSERT INTO Email_Persona VALUES('ECVG901111547','persona52@outlook.com');
INSERT INTO Email_Persona VALUES('EFTG901212854','persona53@outlook.com');
INSERT INTO Email_Persona VALUES('ERFC880202578','persona54@outlook.com');

INSERT INTO Email_Persona VALUES('FOIF630204516','persona55@outlook.com');
INSERT INTO Email_Persona VALUES('FALL680304632','persona56@outlook.com');
INSERT INTO Email_Persona VALUES('FALL680304633','persona57@outlook.com');
INSERT INTO Email_Persona VALUES('FOAE880325540','persona58@outlook.com');
INSERT INTO Email_Persona VALUES('FAAL720206711','persona59@outlook.com');
INSERT INTO Email_Persona VALUES('FOIF630204516','persona60@outlook.com');
INSERT INTO Email_Persona VALUES('FHUI890214512','persona61@outlook.com');
INSERT INTO Email_Persona VALUES('FURF721212587','persona62@outlook.com');
INSERT INTO Email_Persona VALUES('FCVG901111547','persona63@outlook.com');
INSERT INTO Email_Persona VALUES('FFTG901212854','persona64@outlook.com');
INSERT INTO Email_Persona VALUES('FRFC880202578','persona65@outlook.com');

INSERT INTO Email_Persona VALUES('GOIF630204516','persona66@outlook.com');
INSERT INTO Email_Persona VALUES('GALL680304632','persona67@outlook.com');
INSERT INTO Email_Persona VALUES('GALL680304633','persona68@outlook.com');
INSERT INTO Email_Persona VALUES('GOAE880325540','persona69@outlook.com');
INSERT INTO Email_Persona VALUES('GAAL720206711','persona70@outlook.com');
INSERT INTO Email_Persona VALUES('GOIF630204516','persona71@outlook.com');
INSERT INTO Email_Persona VALUES('GHUI890214512','persona72@outlook.com');
INSERT INTO Email_Persona VALUES('GURF721212587','persona73@outlook.com');
INSERT INTO Email_Persona VALUES('GCVG901111547','persona74@outlook.com');
INSERT INTO Email_Persona VALUES('GFTG901212854','persona75@outlook.com');
INSERT INTO Email_Persona VALUES('GRFC880202578','persona76@outlook.com');

INSERT INTO Email_Persona VALUES('AOIF630204516','persona00@gmail.com');
INSERT INTO Email_Persona VALUES('AALL680304632','persona01@gmail.com');
INSERT INTO Email_Persona VALUES('AALL680304633','persona02@gmail.com');
INSERT INTO Email_Persona VALUES('AOAE880325540','persona03@gmail.com');
INSERT INTO Email_Persona VALUES('AAAL720206711','persona04@gmail.com');
INSERT INTO Email_Persona VALUES('ATIF630204516','persona05@gmail.com');
INSERT INTO Email_Persona VALUES('AHUI890214512','persona06@gmail.com');
INSERT INTO Email_Persona VALUES('AURF721212587','persona07@gmail.com');
INSERT INTO Email_Persona VALUES('ACVG901111547','persona08@gmail.com');
INSERT INTO Email_Persona VALUES('AFTG901212854','persona09@gmail.com');
INSERT INTO Email_Persona VALUES('ARFC880202578','persona10@gmail.com');

INSERT INTO Email_Persona VALUES('BOIF630204516','persona11@gmail.com');
INSERT INTO Email_Persona VALUES('BALL680304632','persona12@gmail.com');
INSERT INTO Email_Persona VALUES('BALL680304633','persona13@gmail.com');
INSERT INTO Email_Persona VALUES('BOAE880325540','persona14@gmail.com');
INSERT INTO Email_Persona VALUES('BAAL720206711','persona15@gmail.com');
INSERT INTO Email_Persona VALUES('BOIF630204510','persona16@gmail.com');
INSERT INTO Email_Persona VALUES('BHUI890214512','persona17@gmail.com');
INSERT INTO Email_Persona VALUES('BURF721212587','persona18@gmail.com');
INSERT INTO Email_Persona VALUES('BCVG901111547','persona19@gmail.com');
INSERT INTO Email_Persona VALUES('BFTG901212854','persona20@gmail.com');
INSERT INTO Email_Persona VALUES('BRFC880202578','persona21@gmail.com');

INSERT INTO Email_Persona VALUES('COIF630204516','persona22@gmail.com');
INSERT INTO Email_Persona VALUES('CALL680304632','persona23@gmail.com');
INSERT INTO Email_Persona VALUES('CALL680304633','persona24@gmail.com');
INSERT INTO Email_Persona VALUES('COAE880325540','persona25@gmail.com');
INSERT INTO Email_Persona VALUES('CAAL720206711','persona26@gmail.com');
INSERT INTO Email_Persona VALUES('COIF630204510','persona27@gmail.com');
INSERT INTO Email_Persona VALUES('CHUI890214512','persona28@gmail.com');
INSERT INTO Email_Persona VALUES('CURF721212587','persona29@gmail.com');
INSERT INTO Email_Persona VALUES('CCVG901111547','persona30@gmail.com');
INSERT INTO Email_Persona VALUES('CFTG901212854','persona31@gmail.com');
INSERT INTO Email_Persona VALUES('CRFC880202578','persona32@gmail.com');

INSERT INTO Email_Persona VALUES('DOIF630204516','persona33@gmail.com');
INSERT INTO Email_Persona VALUES('DALL680304632','persona34@gmail.com');
INSERT INTO Email_Persona VALUES('DALL680304633','persona35@gmail.com');
INSERT INTO Email_Persona VALUES('DOAE880325540','persona36@gmail.com');
INSERT INTO Email_Persona VALUES('DAAL720206711','persona37@gmail.com');
INSERT INTO Email_Persona VALUES('DOIF630204516','persona38@gmail.com');
INSERT INTO Email_Persona VALUES('DHUI890214512','persona39@gmail.com');
INSERT INTO Email_Persona VALUES('DURF721212587','persona40@gmail.com');
INSERT INTO Email_Persona VALUES('DCVG901111547','persona41@gmail.com');
INSERT INTO Email_Persona VALUES('DFTG901212854','persona42@gmail.com');
INSERT INTO Email_Persona VALUES('DRFC880202578','persona43@gmail.com');

INSERT INTO Email_Persona VALUES('EOIF630204516','persona44@gmail.com');
INSERT INTO Email_Persona VALUES('EALL680304632','persona45@gmail.com');
INSERT INTO Email_Persona VALUES('EALL680304633','persona46@gmail.com');
INSERT INTO Email_Persona VALUES('EOAE880325540','persona47@gmail.com');
INSERT INTO Email_Persona VALUES('EAAL720206711','persona48@gmail.com');
INSERT INTO Email_Persona VALUES('EOIF630204516','persona49@gmail.com');
INSERT INTO Email_Persona VALUES('EHUI890214512','persona50@gmail.com');
INSERT INTO Email_Persona VALUES('EURF721212587','persona51@gmail.com');
INSERT INTO Email_Persona VALUES('ECVG901111547','persona52@gmail.com');
INSERT INTO Email_Persona VALUES('EFTG901212854','persona53@gmail.com');
INSERT INTO Email_Persona VALUES('ERFC880202578','persona54@gmail.com');

INSERT INTO Email_Persona VALUES('FOIF630204516','persona55@gmail.com');
INSERT INTO Email_Persona VALUES('FALL680304632','persona56@gmail.com');
INSERT INTO Email_Persona VALUES('FALL680304633','persona57@gmail.com');
INSERT INTO Email_Persona VALUES('FOAE880325540','persona58@gmail.com');
INSERT INTO Email_Persona VALUES('FAAL720206711','persona59@gmail.com');
INSERT INTO Email_Persona VALUES('FOIF630204516','persona60@gmail.com');
INSERT INTO Email_Persona VALUES('FHUI890214512','persona61@gmail.com');
INSERT INTO Email_Persona VALUES('FURF721212587','persona62@gmail.com');
INSERT INTO Email_Persona VALUES('FCVG901111547','persona63@gmail.com');
INSERT INTO Email_Persona VALUES('FFTG901212854','persona64@gmail.com');
INSERT INTO Email_Persona VALUES('FRFC880202578','persona65@gmail.com');

INSERT INTO Email_Persona VALUES('GOIF630204516','persona66@gmail.com');
INSERT INTO Email_Persona VALUES('GALL680304632','persona67@gmail.com');
INSERT INTO Email_Persona VALUES('GALL680304633','persona68@gmail.com');
INSERT INTO Email_Persona VALUES('GOAE880325540','persona69@gmail.com');
INSERT INTO Email_Persona VALUES('GAAL720206711','persona70@gmail.com');
INSERT INTO Email_Persona VALUES('GOIF630204516','persona71@gmail.com');
INSERT INTO Email_Persona VALUES('GHUI890214512','persona72@gmail.com');
INSERT INTO Email_Persona VALUES('GURF721212587','persona73@gmail.com');
INSERT INTO Email_Persona VALUES('GCVG901111547','persona74@gmail.com');
INSERT INTO Email_Persona VALUES('GFTG901212854','persona75@gmail.com');
INSERT INTO Email_Persona VALUES('GRFC880202578','persona76@gmail.com');
--Empleado
INSERT INTO Empleado VALUES('DOIF630204516',2500,'Nocturno');
INSERT INTO Empleado VALUES('DALL680304632',2900,'Matutino');
INSERT INTO Empleado VALUES('DALL680304633',2500,'Nocturno');
INSERT INTO Empleado VALUES('DOAE880325540',5000,'Diurno');
INSERT INTO Empleado VALUES('DAAL720206711',3000,'Matutino');
INSERT INTO Empleado VALUES('DOIF630204716',4000,'Diurno');
INSERT INTO Empleado VALUES('DHUI890214512',3100,'Diurno');
INSERT INTO Empleado VALUES('DURF721212587',3500,'Nocturno');
INSERT INTO Empleado VALUES('DCVG901111547',7200,'Matutino');
INSERT INTO Empleado VALUES('DFTG901212854',3200,'Diurno');
INSERT INTO Empleado VALUES('DRFC880202578',2200,'Diurno');

INSERT INTO Empleado VALUES('EOIF630204516',2500,'Nocturno');
INSERT INTO Empleado VALUES('EALL680304632',2900,'Matutino');
INSERT INTO Empleado VALUES('EALL680304633',2500,'Diurno');
INSERT INTO Empleado VALUES('EOAE880325540',5000,'Diurno');
INSERT INTO Empleado VALUES('EAAL720206711',4000,'Matutino');
INSERT INTO Empleado VALUES('EOIF630204510',7000,'Nocturno');
INSERT INTO Empleado VALUES('EHUI890214512',8000,'Diurno');
INSERT INTO Empleado VALUES('EURF721212587',9100,'Matutino');
INSERT INTO Empleado VALUES('ECVG901111547',4600,'Diurno');
INSERT INTO Empleado VALUES('EFTG901212854',1900,'Diurno');
INSERT INTO Empleado VALUES('ERFC880202578',2350,'Matutino');

INSERT INTO Empleado VALUES('FOIF630204516',2600,'Nocturno');
INSERT INTO Empleado VALUES('FALL680304632',2700,'Diurno');
INSERT INTO Empleado VALUES('FALL680304633',3000,'Matutino');
INSERT INTO Empleado VALUES('FOAE880325540',6000,'Diurno');
INSERT INTO Empleado VALUES('FAAL720206711',7000,'Nocturno');
INSERT INTO Empleado VALUES('FOIA630204510',4000,'Matutino');
INSERT INTO Empleado VALUES('FHUI890214512',2500,'Diurno');
INSERT INTO Empleado VALUES('FURF721212587',4300,'Nocturno');
INSERT INTO Empleado VALUES('FCVG901111547',5000,'Diurno');
INSERT INTO Empleado VALUES('FFTG901212854',8100,'Diurno');
INSERT INTO Empleado VALUES('FRFC880202578',3800,'Diurno');

INSERT INTO Empleado VALUES('GOIF630204516',2010,'Matutino');
INSERT INTO Empleado VALUES('GALL680304632',2090,'Nocturno');
INSERT INTO Empleado VALUES('GALL680304633',4040,'Diurno');
INSERT INTO Empleado VALUES('GOAE880325540',2600,'Diurno');
INSERT INTO Empleado VALUES('GAAL720206711',3200,'Matutino');
INSERT INTO Empleado VALUES('GOIF930204510',4100,'Diurno');
INSERT INTO Empleado VALUES('GHUI890214512',3900,'Diurno');
INSERT INTO Empleado VALUES('GURF721212587',3300,'Diurno');
INSERT INTO Empleado VALUES('GCVG901111547',5650,'Matutino');
INSERT INTO Empleado VALUES('GFTG901212854',2400,'Nocturno');
INSERT INTO Empleado VALUES('GRFC880202578',4569,'Nocturno');

--Cliente
INSERT INTO Cliente VALUES('AOIF630204516');
INSERT INTO Cliente VALUES('AALL680304632');
INSERT INTO Cliente VALUES('AALL680304633');
INSERT INTO Cliente VALUES('AOAE880325540');
INSERT INTO Cliente VALUES('AAAL720206711');
INSERT INTO Cliente VALUES('ATIF630204516');
INSERT INTO Cliente VALUES('AHUI890214512');
INSERT INTO Cliente VALUES('AURF721212587');
INSERT INTO Cliente VALUES('ACVG901111547');
INSERT INTO Cliente VALUES('AFTG901212854');
INSERT INTO Cliente VALUES('ARFC880202578');

INSERT INTO Cliente VALUES('BOIF630204516');
INSERT INTO Cliente VALUES('BALL680304632');
INSERT INTO Cliente VALUES('BALL680304633');
INSERT INTO Cliente VALUES('BOAE880325540');
INSERT INTO Cliente VALUES('BAAL720206711');
INSERT INTO Cliente VALUES('BOIF630204510');
INSERT INTO Cliente VALUES('BHUI890214512');
INSERT INTO Cliente VALUES('BURF721212587');
INSERT INTO Cliente VALUES('BCVG901111547');
INSERT INTO Cliente VALUES('BFTG901212854');
INSERT INTO Cliente VALUES('BRFC880202578');

INSERT INTO Cliente VALUES('COIF630204516');
INSERT INTO Cliente VALUES('CALL680304632');
INSERT INTO Cliente VALUES('CALL680304633');
INSERT INTO Cliente VALUES('COAE880325540');
INSERT INTO Cliente VALUES('CAAL720206711');
INSERT INTO Cliente VALUES('COIF630204510');
INSERT INTO Cliente VALUES('CHUI890214512');
INSERT INTO Cliente VALUES('CURF721212587');
INSERT INTO Cliente VALUES('CCVG901111547');
INSERT INTO Cliente VALUES('CFTG901212854');
INSERT INTO Cliente VALUES('CRFC880202578');
--empresa
INSERT INTO Empresa VALUES('TEL0123LAS','Telcel','Mexico','Sna Juan','Rio Verde','s/n','12-A',null);
INSERT INTO Empresa VALUES('ATT0123LAS','AT/T','Mexico','Sna Juan','Rio Verde','s/n','12-A',null);
INSERT INTO Empresa VALUES('UNE0123LAS','Unefon','Mexico','Sna Juan','Rio Verde','s/n','12-A',null);
INSERT INTO Empresa VALUES('MOV0123LAS','Movistar','Mexico','Sna Juan','Rio Verde','s/n','12-A',null);
INSERT INTO Empresa VALUES('IUS0123LAS','Iusacell','Mexico','Sna Juan','Rio Verde','s/n','12-A',null);
INSERT INTO Empresa VALUES('PEG0123LAS','Pegaso','Mexico','Sna Juan','Rio Verde','s/n','12-A',null);

--trabajar
INSERT INTO Trabajar VALUES('TEL0123LAS','DOIF630204516','2002-01-01');
INSERT INTO Trabajar VALUES('ATT0123LAS','DALL680304632','2003-02-02');
INSERT INTO Trabajar VALUES('UNE0123LAS','DALL680304633','2004-03-03');
INSERT INTO Trabajar VALUES('MOV0123LAS','DOAE880325540','2005-04-04');
INSERT INTO Trabajar VALUES('IUS0123LAS','DAAL720206711','2006-05-05');
INSERT INTO Trabajar VALUES('PEG0123LAS','DOIF630204516','2007-06-06');

INSERT INTO Trabajar VALUES('TEL0123LAS','DHUI890214512','2008-07-07');
INSERT INTO Trabajar VALUES('ATT0123LAS','DURF721212587','2007-08-08');
INSERT INTO Trabajar VALUES('UNE0123LAS','DCVG901111547','2002-09-09');
INSERT INTO Trabajar VALUES('MOV0123LAS','DFTG901212854','2001-10-10');
INSERT INTO Trabajar VALUES('IUS0123LAS','DRFC880202578','2000-11-11');
INSERT INTO Trabajar VALUES('PEG0123LAS','EOIF630204516','2002-12-12');

INSERT INTO Trabajar VALUES('TEL0123LAS','EALL680304632','2009-01-13');
INSERT INTO Trabajar VALUES('ATT0123LAS','EALL680304633','2012-02-14');
INSERT INTO Trabajar VALUES('UNE0123LAS','EOAE880325540','2014-03-15');
INSERT INTO Trabajar VALUES('MOV0123LAS','EAAL720206711','2013-04-16');
INSERT INTO Trabajar VALUES('IUS0123LAS','EOIF630204516','2002-05-17');
INSERT INTO Trabajar VALUES('PEG0123LAS','EHUI890214512','2001-06-18');

INSERT INTO Trabajar VALUES('TEL0123LAS','EURF721212587','2002-07-19');
INSERT INTO Trabajar VALUES('ATT0123LAS','ECVG901111547','2002-08-20');
INSERT INTO Trabajar VALUES('UNE0123LAS','EFTG901212854','2008-09-21');
INSERT INTO Trabajar VALUES('MOV0123LAS','ERFC880202578','2009-10-22');
INSERT INTO Trabajar VALUES('IUS0123LAS','FOIF630204516','2002-11-23');
INSERT INTO Trabajar VALUES('PEG0123LAS','FALL680304632','2009-12-24');

INSERT INTO Trabajar VALUES('TEL0123LAS','FALL680304633','2011-01-25');
INSERT INTO Trabajar VALUES('ATT0123LAS','FOAE880325540','2010-02-26');
INSERT INTO Trabajar VALUES('UNE0123LAS','FAAL720206711','2006-03-27');
INSERT INTO Trabajar VALUES('MOV0123LAS','FOIF630204516','2002-04-28');
INSERT INTO Trabajar VALUES('IUS0123LAS','FHUI890214512','2008-05-01');
INSERT INTO Trabajar VALUES('PEG0123LAS','FURF721212587','2002-06-02');

INSERT INTO Trabajar VALUES('TEL0123LAS','FCVG901111547','2011-07-03');
INSERT INTO Trabajar VALUES('ATT0123LAS','FFTG901212854','2012-08-04');
INSERT INTO Trabajar VALUES('UNE0123LAS','FRFC880202578','2002-09-05');
INSERT INTO Trabajar VALUES('MOV0123LAS','GOIF630204516','2002-10-06');
INSERT INTO Trabajar VALUES('IUS0123LAS','GALL680304632','1999-11-07');
INSERT INTO Trabajar VALUES('PEG0123LAS','GALL680304633','2001-12-30');

INSERT INTO Trabajar VALUES('TEL0123LAS','GOAE880325540','2002-01-01');
INSERT INTO Trabajar VALUES('ATT0123LAS','GAAL720206711','2009-02-02');
INSERT INTO Trabajar VALUES('UNE0123LAS','GOIF630204516','2001-03-03');
INSERT INTO Trabajar VALUES('MOV0123LAS','GHUI890214512','2006-04-04');
INSERT INTO Trabajar VALUES('IUS0123LAS','GURF721212587','200-05-05');
INSERT INTO Trabajar VALUES('PEG0123LAS','GCVG901111547','2003-06-06');

INSERT INTO Trabajar VALUES('TEL0123LAS','GFTG901212854','2007-07-01');
INSERT INTO Trabajar VALUES('ATT0123LAS','GRFC880202578','2002-08-01');

-- email empres
INSERT INTO Email_Empresa VALUES('TEL0123LAS','telcel1@telcel.com');
INSERT INTO Email_Empresa VALUES('ATT0123LAS','att1@att.com');
INSERT INTO Email_Empresa VALUES('UNE0123LAS','unefon1@unefon.com');
INSERT INTO Email_Empresa VALUES('MOV0123LAS','movistar1@movistar.com');
INSERT INTO Email_Empresa VALUES('IUS0123LAS','iusacell1@iusacell.com');
INSERT INTO Email_Empresa VALUES('PEG0123LAS','pegaso1@pegaso.com');

INSERT INTO Email_Empresa VALUES('TEL0123LAS','telcel2@telcel.com');
INSERT INTO Email_Empresa VALUES('ATT0123LAS','att2@att.com');
INSERT INTO Email_Empresa VALUES('UNE0123LAS','unefon2@unefon.com');
INSERT INTO Email_Empresa VALUES('MOV0123LAS','movistar2@movistar.com');
INSERT INTO Email_Empresa VALUES('IUS0123LAS','iusacell2@iusacell.com');
INSERT INTO Email_Empresa VALUES('PEG0123LAS','pegaso2@pegaso.com');

INSERT INTO Email_Empresa VALUES('TEL0123LAS','telcel3@telcel.com');
INSERT INTO Email_Empresa VALUES('ATT0123LAS','att3@att.com');
INSERT INTO Email_Empresa VALUES('UNE0123LAS','unefon3@unefon.com');
INSERT INTO Email_Empresa VALUES('MOV0123LAS','movistar3@movistar.com');
INSERT INTO Email_Empresa VALUES('IUS0123LAS','iusacell3@iusacell.com');
INSERT INTO Email_Empresa VALUES('PEG0123LAS','pegaso3@pegaso.com');

INSERT INTO Email_Empresa VALUES('TEL0123LAS','telcel4@telcel.com');
INSERT INTO Email_Empresa VALUES('ATT0123LAS','att4@att.com');
INSERT INTO Email_Empresa VALUES('UNE0123LAS','unefon4@unefon.com');
INSERT INTO Email_Empresa VALUES('MOV0123LAS','movistar4@movistar.com');
INSERT INTO Email_Empresa VALUES('IUS0123LAS','iusacell4@iusacell.com');
INSERT INTO Email_Empresa VALUES('PEG0123LAS','pegaso4@pegaso.com');

--tel empresa
INSERT INTO Telefonos_Empresa VALUES('TEL0123LAS','55123401');
INSERT INTO Telefonos_Empresa VALUES('ATT0123LAS','55123402');
INSERT INTO Telefonos_Empresa VALUES('UNE0123LAS','55123403');
INSERT INTO Telefonos_Empresa VALUES('MOV0123LAS','55123404');
INSERT INTO Telefonos_Empresa VALUES('IUS0123LAS','55123405');
INSERT INTO Telefonos_Empresa VALUES('PEG0123LAS','55123406');

INSERT INTO Telefonos_Empresa VALUES('TEL0123LAS','56123401');
INSERT INTO Telefonos_Empresa VALUES('ATT0123LAS','56123402');
INSERT INTO Telefonos_Empresa VALUES('UNE0123LAS','56123403');
INSERT INTO Telefonos_Empresa VALUES('MOV0123LAS','56123404');
INSERT INTO Telefonos_Empresa VALUES('IUS0123LAS','56123405');
INSERT INTO Telefonos_Empresa VALUES('PEG0123LAS','56123406');

INSERT INTO Telefonos_Empresa VALUES('TEL0123LAS','57123401');
INSERT INTO Telefonos_Empresa VALUES('ATT0123LAS','57123402');
INSERT INTO Telefonos_Empresa VALUES('UNE0123LAS','57123403');
INSERT INTO Telefonos_Empresa VALUES('MOV0123LAS','57123404');
INSERT INTO Telefonos_Empresa VALUES('IUS0123LAS','57123405');
INSERT INTO Telefonos_Empresa VALUES('PEG0123LAS','57123406');

--trabajador interno
INSERT INTO Trabajador_interno VALUES('FOIF630204516');
INSERT INTO Trabajador_interno VALUES('FALL680304632');
INSERT INTO Trabajador_interno VALUES('FALL680304633');
INSERT INTO Trabajador_interno VALUES('FOAE880325540');
INSERT INTO Trabajador_interno VALUES('FAAL720206711');
INSERT INTO Trabajador_interno VALUES('FOIA630204510');
INSERT INTO Trabajador_interno VALUES('FHUI890214512');
INSERT INTO Trabajador_interno VALUES('FURF721212587');
INSERT INTO Trabajador_interno VALUES('FCVG901111547');
INSERT INTO Trabajador_interno VALUES('FFTG901212854');
INSERT INTO Trabajador_interno VALUES('FRFC880202578');

INSERT INTO Trabajador_interno VALUES('GOIF630204516');
INSERT INTO Trabajador_interno VALUES('GALL680304632');
INSERT INTO Trabajador_interno VALUES('GALL680304633');
INSERT INTO Trabajador_interno VALUES('GOAE880325540');
INSERT INTO Trabajador_interno VALUES('GAAL720206711');
INSERT INTO Trabajador_interno VALUES('GOIF930204510');
INSERT INTO Trabajador_interno VALUES('GHUI890214512');
INSERT INTO Trabajador_interno VALUES('GURF721212587');
INSERT INTO Trabajador_interno VALUES('GCVG901111547');
INSERT INTO Trabajador_interno VALUES('GFTG901212854');
INSERT INTO Trabajador_interno VALUES('GRFC880202578');

--vendedor

INSERT INTO Vendedor VALUES('DOIF630204516');
INSERT INTO Vendedor VALUES('DALL680304632');
INSERT INTO Vendedor VALUES('DALL680304633');
INSERT INTO Vendedor VALUES('DOAE880325540');
INSERT INTO Vendedor VALUES('DAAL720206711');
INSERT INTO Vendedor VALUES('DOIF630204716');
INSERT INTO Vendedor VALUES('DHUI890214512');
INSERT INTO Vendedor VALUES('DURF721212587');
INSERT INTO Vendedor VALUES('DCVG901111547');
INSERT INTO Vendedor VALUES('DFTG901212854');
INSERT INTO Vendedor VALUES('DRFC880202578');

INSERT INTO Vendedor VALUES('EOIF630204516');
INSERT INTO Vendedor VALUES('EALL680304632');
INSERT INTO Vendedor VALUES('EALL680304633');
INSERT INTO Vendedor VALUES('EOAE880325540');
INSERT INTO Vendedor VALUES('EAAL720206711');
INSERT INTO Vendedor VALUES('EOIF630204510');
INSERT INTO Vendedor VALUES('EHUI890214512');
INSERT INTO Vendedor VALUES('EURF721212587');
INSERT INTO Vendedor VALUES('ECVG901111547');
INSERT INTO Vendedor VALUES('EFTG901212854');
INSERT INTO Vendedor VALUES('ERFC880202578');

--telefono
INSERT INTO Celular VALUES('01','Sony Ericsson','neoV','Camara HD');
INSERT INTO Celular VALUES('02','Sony Ericsson','z1','Resistente al agua');
INSERT INTO Celular VALUES('03','Sony Ericsson','z2','Resistente al agua y camara de 20 pixeles');
INSERT INTO Celular VALUES('04','Sony Ericsson','miro','Camara 8.1');
INSERT INTO Celular VALUES('05','Motorola','x','Velocidad insuperable');
INSERT INTO Celular VALUES('06','Motorola','x1','Doble de velocidad que el x1');
INSERT INTO Celular VALUES('07','Motorola','x2','Triple de velocidad que el x1');
INSERT INTO Celular VALUES('08','IPhone','5','Mas grande que sus antecesores');
INSERT INTO Celular VALUES('09','IPhone','5c','Con tapas de diversos colores');
INSERT INTO Celular VALUES('10','IPhone','6','Mas grande que todo IPhone anteriores');
INSERT INTO Celular VALUES('11','LG','E6','Sin mucha memoria');
INSERT INTO Celular VALUES('12','Samsumg','S5 mini','Resistente al agua');
INSERT INTO Celular VALUES('13','Samsumg','S5','Lo mismo que el mini pero mas grande');
INSERT INTO Celular VALUES('14','LG','E10','NUevo LG10 tan grande como el iphone');
INSERT INTO Celular VALUES('9362426989','ALCATEL','Modelo: 0','No disponible en tu pais');
INSERT INTO Celular VALUES('3167612773','Sony','Modelo: 1','No disponible en tu pais');
INSERT INTO Celular VALUES('6477229359','Sony','Modelo: 2','No disponible en tu pais');
INSERT INTO Celular VALUES('2971675871','LG','Modelo: 3','No disponible en tu pais');
INSERT INTO Celular VALUES('4421921841','ALCATEL','Modelo: 4','No disponible en tu pais');
INSERT INTO Celular VALUES('3977467329','Iphone','Modelo: 5','No disponible en tu pais');
INSERT INTO Celular VALUES('9443738735','LG','Modelo: 6','No disponible en tu pais');
INSERT INTO Celular VALUES('1851281155','Sony','Modelo: 7','No disponible en tu pais');
INSERT INTO Celular VALUES('2349868331','LG','Modelo: 8','No disponible en tu pais');
INSERT INTO Celular VALUES('4739682561','Iphone','Modelo: 9','No disponible en tu pais');
INSERT INTO Celular VALUES('7366834862','Iphone','Modelo: 10','No disponible en tu pais');
INSERT INTO Celular VALUES('3778194324','LG','Modelo: 11','No disponible en tu pais');
INSERT INTO Celular VALUES('5269432377','Sony','Modelo: 12','No disponible en tu pais');
INSERT INTO Celular VALUES('7448321723','LG','Modelo: 13','No disponible en tu pais');
INSERT INTO Celular VALUES('7166612194','LG','Modelo: 14','No disponible en tu pais');
INSERT INTO Celular VALUES('7268798653','Sony','Modelo: 15','No disponible en tu pais');
INSERT INTO Celular VALUES('4628131571','Iphone','Modelo: 16','No disponible en tu pais');
INSERT INTO Celular VALUES('2475719627','LG','Modelo: 17','No disponible en tu pais');
INSERT INTO Celular VALUES('2847743133','ALCATEL','Modelo: 18','No disponible en tu pais');
INSERT INTO Celular VALUES('3674116378','ALCATEL','Modelo: 19','No disponible en tu pais');
INSERT INTO Celular VALUES('6797814325','Iphone','Modelo: 20','No disponible en tu pais');
INSERT INTO Celular VALUES('6934937479','Sony','Modelo: 21','No disponible en tu pais');
INSERT INTO Celular VALUES('7558886371','LG','Modelo: 22','No disponible en tu pais');
INSERT INTO Celular VALUES('7388328679','Sony','Modelo: 23','No disponible en tu pais');
INSERT INTO Celular VALUES('7912317124','LG','Modelo: 24','No disponible en tu pais');
INSERT INTO Celular VALUES('3827939448','Iphone','Modelo: 25','No disponible en tu pais');
INSERT INTO Celular VALUES('9397935157','Sony','Modelo: 26','No disponible en tu pais');
INSERT INTO Celular VALUES('7582579745','Sony','Modelo: 27','No disponible en tu pais');
INSERT INTO Celular VALUES('8487367383','LG','Modelo: 28','No disponible en tu pais');
INSERT INTO Celular VALUES('9998558397','Sony','Modelo: 29','No disponible en tu pais');
INSERT INTO Celular VALUES('6985754256','Iphone','Modelo: 30','No disponible en tu pais');
INSERT INTO Celular VALUES('4797654628','Sony','Modelo: 31','No disponible en tu pais');
INSERT INTO Celular VALUES('4175438253','ALCATEL','Modelo: 32','No disponible en tu pais');
INSERT INTO Celular VALUES('9115182452','LG','Modelo: 33','No disponible en tu pais');
INSERT INTO Celular VALUES('6599552335','Sony','Modelo: 34','No disponible en tu pais');
INSERT INTO Celular VALUES('3534917982','Iphone','Modelo: 35','No disponible en tu pais');
INSERT INTO Celular VALUES('5664414885','Sony','Modelo: 36','No disponible en tu pais');
INSERT INTO Celular VALUES('5789398192','LG','Modelo: 37','No disponible en tu pais');
INSERT INTO Celular VALUES('7828444836','ALCATEL','Modelo: 38','No disponible en tu pais');
INSERT INTO Celular VALUES('6915649315','Iphone','Modelo: 39','No disponible en tu pais');
INSERT INTO Celular VALUES('7177117298','Iphone','Modelo: 40','No disponible en tu pais');
INSERT INTO Celular VALUES('6738287884','Sony','Modelo: 41','No disponible en tu pais');
INSERT INTO Celular VALUES('9542758563','Sony','Modelo: 42','No disponible en tu pais');
INSERT INTO Celular VALUES('2426336399','LG','Modelo: 43','No disponible en tu pais');
INSERT INTO Celular VALUES('7865596371','Iphone','Modelo: 44','No disponible en tu pais');
INSERT INTO Celular VALUES('7256989437','ALCATEL','Modelo: 45','No disponible en tu pais');
INSERT INTO Celular VALUES('2274539764','Sony','Modelo: 46','No disponible en tu pais');
INSERT INTO Celular VALUES('2425117157','Iphone','Modelo: 47','No disponible en tu pais');
INSERT INTO Celular VALUES('2879713471','Sony','Modelo: 48','No disponible en tu pais');
INSERT INTO Celular VALUES('7934869733','Iphone','Modelo: 49','No disponible en tu pais');
INSERT INTO Celular VALUES('9917685934','ALCATEL','Modelo: 50','No disponible en tu pais');
INSERT INTO Celular VALUES('7678669675','Iphone','Modelo: 51','No disponible en tu pais');
INSERT INTO Celular VALUES('9484212895','Iphone','Modelo: 52','No disponible en tu pais');
INSERT INTO Celular VALUES('4899669126','ALCATEL','Modelo: 53','No disponible en tu pais');
INSERT INTO Celular VALUES('1822721844','Iphone','Modelo: 54','No disponible en tu pais');
INSERT INTO Celular VALUES('8397857412','Iphone','Modelo: 55','No disponible en tu pais');
INSERT INTO Celular VALUES('9641626538','ALCATEL','Modelo: 56','No disponible en tu pais');
INSERT INTO Celular VALUES('4138365413','Iphone','Modelo: 57','No disponible en tu pais');
INSERT INTO Celular VALUES('6375546879','Sony','Modelo: 58','No disponible en tu pais');
INSERT INTO Celular VALUES('4118698938','Sony','Modelo: 59','No disponible en tu pais');
INSERT INTO Celular VALUES('7345589357','LG','Modelo: 60','No disponible en tu pais');
INSERT INTO Celular VALUES('3818284697','ALCATEL','Modelo: 61','No disponible en tu pais');
INSERT INTO Celular VALUES('6872722585','ALCATEL','Modelo: 62','No disponible en tu pais');
INSERT INTO Celular VALUES('9536716377','Iphone','Modelo: 63','No disponible en tu pais');
INSERT INTO Celular VALUES('5221327178','ALCATEL','Modelo: 64','No disponible en tu pais');
INSERT INTO Celular VALUES('2397568527','Sony','Modelo: 65','No disponible en tu pais');
INSERT INTO Celular VALUES('7878689595','ALCATEL','Modelo: 66','No disponible en tu pais');
INSERT INTO Celular VALUES('1115813347','Sony','Modelo: 67','No disponible en tu pais');
INSERT INTO Celular VALUES('5838567735','LG','Modelo: 68','No disponible en tu pais');
INSERT INTO Celular VALUES('2988437978','Iphone','Modelo: 69','No disponible en tu pais');
INSERT INTO Celular VALUES('2266917724','Iphone','Modelo: 70','No disponible en tu pais');
INSERT INTO Celular VALUES('6137177589','LG','Modelo: 71','No disponible en tu pais');
INSERT INTO Celular VALUES('6795647747','LG','Modelo: 72','No disponible en tu pais');
INSERT INTO Celular VALUES('3234282327','ALCATEL','Modelo: 73','No disponible en tu pais');
INSERT INTO Celular VALUES('3283874561','Iphone','Modelo: 74','No disponible en tu pais');
INSERT INTO Celular VALUES('9434416614','Iphone','Modelo: 75','No disponible en tu pais');
INSERT INTO Celular VALUES('5325731385','ALCATEL','Modelo: 76','No disponible en tu pais');
INSERT INTO Celular VALUES('6735512484','Sony','Modelo: 77','No disponible en tu pais');
INSERT INTO Celular VALUES('3172559414','ALCATEL','Modelo: 78','No disponible en tu pais');
INSERT INTO Celular VALUES('2889972992','Sony','Modelo: 79','No disponible en tu pais');
INSERT INTO Celular VALUES('1266172617','Iphone','Modelo: 80','No disponible en tu pais');
INSERT INTO Celular VALUES('2548199973','LG','Modelo: 81','No disponible en tu pais');
INSERT INTO Celular VALUES('9884165252','Sony','Modelo: 82','No disponible en tu pais');
INSERT INTO Celular VALUES('1679873518','Iphone','Modelo: 83','No disponible en tu pais');
INSERT INTO Celular VALUES('7621685521','LG','Modelo: 84','No disponible en tu pais');
INSERT INTO Celular VALUES('6536965934','LG','Modelo: 85','No disponible en tu pais');
INSERT INTO Celular VALUES('7613777872','ALCATEL','Modelo: 86','No disponible en tu pais');
INSERT INTO Celular VALUES('4464433818','Iphone','Modelo: 87','No disponible en tu pais');
INSERT INTO Celular VALUES('7798162999','ALCATEL','Modelo: 88','No disponible en tu pais');
INSERT INTO Celular VALUES('2147559142','ALCATEL','Modelo: 89','No disponible en tu pais');
INSERT INTO Celular VALUES('3788155988','ALCATEL','Modelo: 90','No disponible en tu pais');
INSERT INTO Celular VALUES('5629685281','Sony','Modelo: 91','No disponible en tu pais');
INSERT INTO Celular VALUES('5531272391','Iphone','Modelo: 92','No disponible en tu pais');
INSERT INTO Celular VALUES('7524188818','Iphone','Modelo: 93','No disponible en tu pais');
INSERT INTO Celular VALUES('4929295318','Iphone','Modelo: 94','No disponible en tu pais');
INSERT INTO Celular VALUES('6378451272','LG','Modelo: 95','No disponible en tu pais');
INSERT INTO Celular VALUES('9946758343','ALCATEL','Modelo: 96','No disponible en tu pais');
INSERT INTO Celular VALUES('2723519681','Iphone','Modelo: 97','No disponible en tu pais');
INSERT INTO Celular VALUES('2939763134','ALCATEL','Modelo: 98','No disponible en tu pais');
INSERT INTO Celular VALUES('9983895811','ALCATEL','Modelo: 99','No disponible en tu pais');
INSERT INTO Celular VALUES('2673357369','Iphone','Modelo: 100','No disponible en tu pais');
INSERT INTO Celular VALUES('6186719414','ALCATEL','Modelo: 101','No disponible en tu pais');
INSERT INTO Celular VALUES('5161522136','Sony','Modelo: 102','No disponible en tu pais');
INSERT INTO Celular VALUES('2915821248','LG','Modelo: 103','No disponible en tu pais');
INSERT INTO Celular VALUES('1416959153','Iphone','Modelo: 104','No disponible en tu pais');
INSERT INTO Celular VALUES('8272671235','ALCATEL','Modelo: 105','No disponible en tu pais');
INSERT INTO Celular VALUES('7761259217','Sony','Modelo: 106','No disponible en tu pais');
INSERT INTO Celular VALUES('9665778539','Sony','Modelo: 107','No disponible en tu pais');
INSERT INTO Celular VALUES('3856117577','Iphone','Modelo: 108','No disponible en tu pais');
INSERT INTO Celular VALUES('7857642751','Iphone','Modelo: 109','No disponible en tu pais');
INSERT INTO Celular VALUES('4461716519','Sony','Modelo: 110','No disponible en tu pais');
INSERT INTO Celular VALUES('2359484558','LG','Modelo: 111','No disponible en tu pais');
INSERT INTO Celular VALUES('5187113472','ALCATEL','Modelo: 112','No disponible en tu pais');
INSERT INTO Celular VALUES('8156368189','Iphone','Modelo: 113','No disponible en tu pais');
INSERT INTO Celular VALUES('9291337442','Sony','Modelo: 114','No disponible en tu pais');
INSERT INTO Celular VALUES('4723243646','Iphone','Modelo: 115','No disponible en tu pais');
INSERT INTO Celular VALUES('9711795749','Iphone','Modelo: 116','No disponible en tu pais');
INSERT INTO Celular VALUES('3954243568','LG','Modelo: 117','No disponible en tu pais');
INSERT INTO Celular VALUES('3833228473','ALCATEL','Modelo: 118','No disponible en tu pais');
INSERT INTO Celular VALUES('1196269478','LG','Modelo: 119','No disponible en tu pais');
INSERT INTO Celular VALUES('8237991815','LG','Modelo: 120','No disponible en tu pais');
INSERT INTO Celular VALUES('4431875765','LG','Modelo: 121','No disponible en tu pais');
INSERT INTO Celular VALUES('8181228234','Iphone','Modelo: 122','No disponible en tu pais');
INSERT INTO Celular VALUES('2152468259','Iphone','Modelo: 123','No disponible en tu pais');
INSERT INTO Celular VALUES('7527847114','Sony','Modelo: 124','No disponible en tu pais');
INSERT INTO Celular VALUES('7292564428','LG','Modelo: 125','No disponible en tu pais');
INSERT INTO Celular VALUES('3991253697','Sony','Modelo: 126','No disponible en tu pais');
INSERT INTO Celular VALUES('4877998842','Iphone','Modelo: 127','No disponible en tu pais');
INSERT INTO Celular VALUES('7668837935','ALCATEL','Modelo: 128','No disponible en tu pais');
INSERT INTO Celular VALUES('5264959125','LG','Modelo: 129','No disponible en tu pais');
INSERT INTO Celular VALUES('6149757922','Sony','Modelo: 130','No disponible en tu pais');
INSERT INTO Celular VALUES('6383316868','Sony','Modelo: 131','No disponible en tu pais');
INSERT INTO Celular VALUES('4246434318','LG','Modelo: 132','No disponible en tu pais');
INSERT INTO Celular VALUES('4432232784','LG','Modelo: 133','No disponible en tu pais');
INSERT INTO Celular VALUES('7285145414','Sony','Modelo: 134','No disponible en tu pais');
INSERT INTO Celular VALUES('5545467329','Iphone','Modelo: 135','No disponible en tu pais');
INSERT INTO Celular VALUES('4874894915','Sony','Modelo: 136','No disponible en tu pais');
INSERT INTO Celular VALUES('7618766598','LG','Modelo: 137','No disponible en tu pais');
INSERT INTO Celular VALUES('9585781197','ALCATEL','Modelo: 138','No disponible en tu pais');
INSERT INTO Celular VALUES('3827155493','Sony','Modelo: 139','No disponible en tu pais');
INSERT INTO Celular VALUES('8651211151','ALCATEL','Modelo: 140','No disponible en tu pais');
INSERT INTO Celular VALUES('4169478169','Iphone','Modelo: 141','No disponible en tu pais');
INSERT INTO Celular VALUES('4155711352','Iphone','Modelo: 142','No disponible en tu pais');
INSERT INTO Celular VALUES('3577296884','ALCATEL','Modelo: 143','No disponible en tu pais');
INSERT INTO Celular VALUES('6821694151','LG','Modelo: 144','No disponible en tu pais');
INSERT INTO Celular VALUES('9871981812','LG','Modelo: 145','No disponible en tu pais');
INSERT INTO Celular VALUES('3293151141','LG','Modelo: 146','No disponible en tu pais');
INSERT INTO Celular VALUES('2366412673','LG','Modelo: 147','No disponible en tu pais');
INSERT INTO Celular VALUES('1441693482','Iphone','Modelo: 148','No disponible en tu pais');
INSERT INTO Celular VALUES('6343974977','ALCATEL','Modelo: 149','No disponible en tu pais');
INSERT INTO Celular VALUES('8811666229','ALCATEL','Modelo: 150','No disponible en tu pais');
INSERT INTO Celular VALUES('3797619644','Sony','Modelo: 151','No disponible en tu pais');
INSERT INTO Celular VALUES('3189294866','Iphone','Modelo: 152','No disponible en tu pais');
INSERT INTO Celular VALUES('5732784318','ALCATEL','Modelo: 153','No disponible en tu pais');
INSERT INTO Celular VALUES('9838169693','Iphone','Modelo: 154','No disponible en tu pais');
INSERT INTO Celular VALUES('1764765545','Sony','Modelo: 155','No disponible en tu pais');
INSERT INTO Celular VALUES('9119688627','Sony','Modelo: 156','No disponible en tu pais');
INSERT INTO Celular VALUES('9472299693','Sony','Modelo: 157','No disponible en tu pais');
INSERT INTO Celular VALUES('5124756735','LG','Modelo: 158','No disponible en tu pais');
INSERT INTO Celular VALUES('9589313833','Iphone','Modelo: 159','No disponible en tu pais');
INSERT INTO Celular VALUES('6343345729','LG','Modelo: 160','No disponible en tu pais');
INSERT INTO Celular VALUES('6542449493','LG','Modelo: 161','No disponible en tu pais');
INSERT INTO Celular VALUES('6312698566','Iphone','Modelo: 162','No disponible en tu pais');
INSERT INTO Celular VALUES('4249981215','ALCATEL','Modelo: 163','No disponible en tu pais');
INSERT INTO Celular VALUES('1963227311','Iphone','Modelo: 164','No disponible en tu pais');
INSERT INTO Celular VALUES('7424595682','ALCATEL','Modelo: 165','No disponible en tu pais');
INSERT INTO Celular VALUES('4349521333','Iphone','Modelo: 166','No disponible en tu pais');
INSERT INTO Celular VALUES('8927738163','LG','Modelo: 167','No disponible en tu pais');
INSERT INTO Celular VALUES('1433973716','Sony','Modelo: 168','No disponible en tu pais');
INSERT INTO Celular VALUES('1448378443','LG','Modelo: 169','No disponible en tu pais');
INSERT INTO Celular VALUES('4815879628','Iphone','Modelo: 170','No disponible en tu pais');
INSERT INTO Celular VALUES('9858114463','Iphone','Modelo: 171','No disponible en tu pais');
INSERT INTO Celular VALUES('2342692414','LG','Modelo: 172','No disponible en tu pais');
INSERT INTO Celular VALUES('1743895216','LG','Modelo: 173','No disponible en tu pais');
INSERT INTO Celular VALUES('9771776196','Iphone','Modelo: 174','No disponible en tu pais');
INSERT INTO Celular VALUES('1886733718','Iphone','Modelo: 175','No disponible en tu pais');
INSERT INTO Celular VALUES('5684932686','LG','Modelo: 176','No disponible en tu pais');
INSERT INTO Celular VALUES('1521754599','Iphone','Modelo: 177','No disponible en tu pais');
INSERT INTO Celular VALUES('9876357648','Sony','Modelo: 178','No disponible en tu pais');
INSERT INTO Celular VALUES('1669124335','Iphone','Modelo: 179','No disponible en tu pais');
INSERT INTO Celular VALUES('5921491355','ALCATEL','Modelo: 180','No disponible en tu pais');
INSERT INTO Celular VALUES('9116333745','Iphone','Modelo: 181','No disponible en tu pais');
INSERT INTO Celular VALUES('1769572881','ALCATEL','Modelo: 182','No disponible en tu pais');
INSERT INTO Celular VALUES('8735557256','Iphone','Modelo: 183','No disponible en tu pais');
INSERT INTO Celular VALUES('4667596959','ALCATEL','Modelo: 184','No disponible en tu pais');
INSERT INTO Celular VALUES('1839335686','Iphone','Modelo: 185','No disponible en tu pais');
INSERT INTO Celular VALUES('4516118488','ALCATEL','Modelo: 186','No disponible en tu pais');
INSERT INTO Celular VALUES('5515266155','LG','Modelo: 187','No disponible en tu pais');
INSERT INTO Celular VALUES('3816956194','Sony','Modelo: 188','No disponible en tu pais');
INSERT INTO Celular VALUES('7158659267','ALCATEL','Modelo: 189','No disponible en tu pais');
INSERT INTO Celular VALUES('6745112168','LG','Modelo: 190','No disponible en tu pais');
INSERT INTO Celular VALUES('3371896119','Iphone','Modelo: 191','No disponible en tu pais');
INSERT INTO Celular VALUES('7994963736','Sony','Modelo: 192','No disponible en tu pais');
INSERT INTO Celular VALUES('1555744134','LG','Modelo: 193','No disponible en tu pais');
INSERT INTO Celular VALUES('2853271267','Iphone','Modelo: 194','No disponible en tu pais');
INSERT INTO Celular VALUES('7695671584','LG','Modelo: 195','No disponible en tu pais');
INSERT INTO Celular VALUES('8636444449','Sony','Modelo: 196','No disponible en tu pais');
INSERT INTO Celular VALUES('8876889741','LG','Modelo: 197','No disponible en tu pais');
INSERT INTO Celular VALUES('3393758787','ALCATEL','Modelo: 198','No disponible en tu pais');
INSERT INTO Celular VALUES('3513532845','Iphone','Modelo: 199','No disponible en tu pais');
INSERT INTO Celular VALUES('3855921351','Sony','Modelo: 200','No disponible en tu pais');
INSERT INTO Celular VALUES('1817351448','LG','Modelo: 201','No disponible en tu pais');
INSERT INTO Celular VALUES('4746657777','LG','Modelo: 202','No disponible en tu pais');
INSERT INTO Celular VALUES('2265996929','Sony','Modelo: 203','No disponible en tu pais');
INSERT INTO Celular VALUES('7182386567','ALCATEL','Modelo: 204','No disponible en tu pais');
INSERT INTO Celular VALUES('5814945174','LG','Modelo: 205','No disponible en tu pais');
INSERT INTO Celular VALUES('3535719534','Iphone','Modelo: 206','No disponible en tu pais');
INSERT INTO Celular VALUES('2452272638','Sony','Modelo: 207','No disponible en tu pais');
INSERT INTO Celular VALUES('5467228828','ALCATEL','Modelo: 208','No disponible en tu pais');
INSERT INTO Celular VALUES('3341867613','Iphone','Modelo: 209','No disponible en tu pais');
INSERT INTO Celular VALUES('1775542379','Sony','Modelo: 210','No disponible en tu pais');
INSERT INTO Celular VALUES('6169614752','Iphone','Modelo: 211','No disponible en tu pais');
INSERT INTO Celular VALUES('8532583649','Sony','Modelo: 212','No disponible en tu pais');
INSERT INTO Celular VALUES('5464887356','Sony','Modelo: 213','No disponible en tu pais');
INSERT INTO Celular VALUES('1224317142','LG','Modelo: 214','No disponible en tu pais');
INSERT INTO Celular VALUES('8827782745','LG','Modelo: 215','No disponible en tu pais');
INSERT INTO Celular VALUES('1254831775','Iphone','Modelo: 216','No disponible en tu pais');
INSERT INTO Celular VALUES('2525622963','ALCATEL','Modelo: 217','No disponible en tu pais');
INSERT INTO Celular VALUES('6762129783','ALCATEL','Modelo: 218','No disponible en tu pais');
INSERT INTO Celular VALUES('6792275547','Sony','Modelo: 219','No disponible en tu pais');
INSERT INTO Celular VALUES('3216894485','Iphone','Modelo: 220','No disponible en tu pais');
INSERT INTO Celular VALUES('6736751874','ALCATEL','Modelo: 221','No disponible en tu pais');
INSERT INTO Celular VALUES('2655684821','LG','Modelo: 222','No disponible en tu pais');
INSERT INTO Celular VALUES('9879424451','LG','Modelo: 223','No disponible en tu pais');
INSERT INTO Celular VALUES('6297143337','Sony','Modelo: 224','No disponible en tu pais');
INSERT INTO Celular VALUES('1484131537','Iphone','Modelo: 225','No disponible en tu pais');
INSERT INTO Celular VALUES('1511949747','Sony','Modelo: 226','No disponible en tu pais');
INSERT INTO Celular VALUES('3821346541','Sony','Modelo: 227','No disponible en tu pais');
INSERT INTO Celular VALUES('6787877112','ALCATEL','Modelo: 228','No disponible en tu pais');
INSERT INTO Celular VALUES('3718537798','LG','Modelo: 229','No disponible en tu pais');
INSERT INTO Celular VALUES('4177632247','Iphone','Modelo: 230','No disponible en tu pais');
INSERT INTO Celular VALUES('6536291577','ALCATEL','Modelo: 231','No disponible en tu pais');
INSERT INTO Celular VALUES('5537716498','ALCATEL','Modelo: 232','No disponible en tu pais');
INSERT INTO Celular VALUES('5821419469','LG','Modelo: 233','No disponible en tu pais');
INSERT INTO Celular VALUES('7995378696','Iphone','Modelo: 234','No disponible en tu pais');
INSERT INTO Celular VALUES('3969752345','ALCATEL','Modelo: 235','No disponible en tu pais');
INSERT INTO Celular VALUES('5946883952','Iphone','Modelo: 236','No disponible en tu pais');
INSERT INTO Celular VALUES('1326629131','Sony','Modelo: 237','No disponible en tu pais');
INSERT INTO Celular VALUES('3366318331','ALCATEL','Modelo: 238','No disponible en tu pais');
INSERT INTO Celular VALUES('8944995732','ALCATEL','Modelo: 239','No disponible en tu pais');
INSERT INTO Celular VALUES('7682662847','ALCATEL','Modelo: 240','No disponible en tu pais');
INSERT INTO Celular VALUES('7156928172','LG','Modelo: 241','No disponible en tu pais');
INSERT INTO Celular VALUES('7619285622','LG','Modelo: 242','No disponible en tu pais');
INSERT INTO Celular VALUES('8769433491','LG','Modelo: 243','No disponible en tu pais');
INSERT INTO Celular VALUES('5839331124','Iphone','Modelo: 244','No disponible en tu pais');
INSERT INTO Celular VALUES('8541241335','Iphone','Modelo: 245','No disponible en tu pais');
INSERT INTO Celular VALUES('6777243343','Sony','Modelo: 246','No disponible en tu pais');
INSERT INTO Celular VALUES('6769516435','Iphone','Modelo: 247','No disponible en tu pais');
INSERT INTO Celular VALUES('5593514395','Iphone','Modelo: 248','No disponible en tu pais');
INSERT INTO Celular VALUES('6383153387','Iphone','Modelo: 249','No disponible en tu pais');
INSERT INTO Celular VALUES('7373774154','LG','Modelo: 250','No disponible en tu pais');
INSERT INTO Celular VALUES('2366719755','Sony','Modelo: 251','No disponible en tu pais');
INSERT INTO Celular VALUES('8944227372','ALCATEL','Modelo: 252','No disponible en tu pais');
INSERT INTO Celular VALUES('4815358647','ALCATEL','Modelo: 253','No disponible en tu pais');
INSERT INTO Celular VALUES('8798538142','Iphone','Modelo: 254','No disponible en tu pais');
INSERT INTO Celular VALUES('2768172967','Iphone','Modelo: 255','No disponible en tu pais');
INSERT INTO Celular VALUES('6254785719','LG','Modelo: 256','No disponible en tu pais');
INSERT INTO Celular VALUES('7966473488','Iphone','Modelo: 257','No disponible en tu pais');
INSERT INTO Celular VALUES('2671333734','ALCATEL','Modelo: 258','No disponible en tu pais');
INSERT INTO Celular VALUES('5244638349','LG','Modelo: 259','No disponible en tu pais');
INSERT INTO Celular VALUES('5532433652','ALCATEL','Modelo: 260','No disponible en tu pais');
INSERT INTO Celular VALUES('4234614236','ALCATEL','Modelo: 261','No disponible en tu pais');
INSERT INTO Celular VALUES('1387754367','ALCATEL','Modelo: 262','No disponible en tu pais');
INSERT INTO Celular VALUES('3479638688','Iphone','Modelo: 263','No disponible en tu pais');
INSERT INTO Celular VALUES('8939344472','Sony','Modelo: 264','No disponible en tu pais');
INSERT INTO Celular VALUES('6171351626','ALCATEL','Modelo: 265','No disponible en tu pais');
INSERT INTO Celular VALUES('3929868549','ALCATEL','Modelo: 266','No disponible en tu pais');
INSERT INTO Celular VALUES('8971794745','Sony','Modelo: 267','No disponible en tu pais');
INSERT INTO Celular VALUES('7958423217','Iphone','Modelo: 268','No disponible en tu pais');
INSERT INTO Celular VALUES('8586886377','LG','Modelo: 269','No disponible en tu pais');
INSERT INTO Celular VALUES('8648482167','Sony','Modelo: 270','No disponible en tu pais');
INSERT INTO Celular VALUES('8683352443','LG','Modelo: 271','No disponible en tu pais');
INSERT INTO Celular VALUES('1283517572','Sony','Modelo: 272','No disponible en tu pais');
INSERT INTO Celular VALUES('8266639538','Iphone','Modelo: 273','No disponible en tu pais');
INSERT INTO Celular VALUES('4925217625','Sony','Modelo: 274','No disponible en tu pais');
INSERT INTO Celular VALUES('5212429615','Iphone','Modelo: 275','No disponible en tu pais');
INSERT INTO Celular VALUES('7384813497','Sony','Modelo: 276','No disponible en tu pais');
INSERT INTO Celular VALUES('7227471541','ALCATEL','Modelo: 277','No disponible en tu pais');
INSERT INTO Celular VALUES('6487554654','Sony','Modelo: 278','No disponible en tu pais');
INSERT INTO Celular VALUES('8446789632','ALCATEL','Modelo: 279','No disponible en tu pais');
INSERT INTO Celular VALUES('6461646727','Sony','Modelo: 280','No disponible en tu pais');
INSERT INTO Celular VALUES('6497488341','Iphone','Modelo: 281','No disponible en tu pais');
INSERT INTO Celular VALUES('8237928176','Iphone','Modelo: 282','No disponible en tu pais');
INSERT INTO Celular VALUES('1135241121','Iphone','Modelo: 283','No disponible en tu pais');
INSERT INTO Celular VALUES('9936816155','Iphone','Modelo: 284','No disponible en tu pais');
INSERT INTO Celular VALUES('4593363589','LG','Modelo: 285','No disponible en tu pais');
INSERT INTO Celular VALUES('8753169943','ALCATEL','Modelo: 286','No disponible en tu pais');
INSERT INTO Celular VALUES('9455991284','ALCATEL','Modelo: 287','No disponible en tu pais');
INSERT INTO Celular VALUES('6997991544','Iphone','Modelo: 288','No disponible en tu pais');
INSERT INTO Celular VALUES('8655852879','LG','Modelo: 289','No disponible en tu pais');
INSERT INTO Celular VALUES('4131842196','Sony','Modelo: 290','No disponible en tu pais');
INSERT INTO Celular VALUES('2245734797','LG','Modelo: 291','No disponible en tu pais');
INSERT INTO Celular VALUES('2888133585','Sony','Modelo: 292','No disponible en tu pais');
INSERT INTO Celular VALUES('3573245953','ALCATEL','Modelo: 293','No disponible en tu pais');
INSERT INTO Celular VALUES('2349539949','ALCATEL','Modelo: 294','No disponible en tu pais');
INSERT INTO Celular VALUES('3111944437','Sony','Modelo: 295','No disponible en tu pais');
INSERT INTO Celular VALUES('6181144269','Sony','Modelo: 296','No disponible en tu pais');
INSERT INTO Celular VALUES('4822969912','ALCATEL','Modelo: 297','No disponible en tu pais');
INSERT INTO Celular VALUES('1689682487','ALCATEL','Modelo: 298','No disponible en tu pais');
INSERT INTO Celular VALUES('8667695967','Sony','Modelo: 299','No disponible en tu pais');
INSERT INTO Celular VALUES('8835514491','LG','Modelo: 300','No disponible en tu pais');
INSERT INTO Celular VALUES('5862453344','ALCATEL','Modelo: 301','No disponible en tu pais');
INSERT INTO Celular VALUES('6769554577','Iphone','Modelo: 302','No disponible en tu pais');
INSERT INTO Celular VALUES('3897162936','ALCATEL','Modelo: 303','No disponible en tu pais');
INSERT INTO Celular VALUES('2822251968','Sony','Modelo: 304','No disponible en tu pais');
INSERT INTO Celular VALUES('4848615851','LG','Modelo: 305','No disponible en tu pais');
INSERT INTO Celular VALUES('8928612863','Iphone','Modelo: 306','No disponible en tu pais');
INSERT INTO Celular VALUES('4342511699','Sony','Modelo: 307','No disponible en tu pais');
INSERT INTO Celular VALUES('7923761522','LG','Modelo: 308','No disponible en tu pais');
INSERT INTO Celular VALUES('1964388747','Sony','Modelo: 309','No disponible en tu pais');
INSERT INTO Celular VALUES('8487827984','LG','Modelo: 310','No disponible en tu pais');
INSERT INTO Celular VALUES('8724945366','ALCATEL','Modelo: 311','No disponible en tu pais');
INSERT INTO Celular VALUES('8351938655','Iphone','Modelo: 312','No disponible en tu pais');
INSERT INTO Celular VALUES('7417919358','Sony','Modelo: 313','No disponible en tu pais');
INSERT INTO Celular VALUES('6419938329','Sony','Modelo: 314','No disponible en tu pais');
INSERT INTO Celular VALUES('7435231697','ALCATEL','Modelo: 315','No disponible en tu pais');
INSERT INTO Celular VALUES('2241746831','ALCATEL','Modelo: 316','No disponible en tu pais');
INSERT INTO Celular VALUES('6668646594','Sony','Modelo: 317','No disponible en tu pais');
INSERT INTO Celular VALUES('9278823839','LG','Modelo: 318','No disponible en tu pais');
INSERT INTO Celular VALUES('3756389299','LG','Modelo: 319','No disponible en tu pais');
INSERT INTO Celular VALUES('4125473286','ALCATEL','Modelo: 320','No disponible en tu pais');
INSERT INTO Celular VALUES('8313158429','Sony','Modelo: 321','No disponible en tu pais');
INSERT INTO Celular VALUES('2915856311','LG','Modelo: 322','No disponible en tu pais');
INSERT INTO Celular VALUES('1685561897','Sony','Modelo: 323','No disponible en tu pais');
INSERT INTO Celular VALUES('9882879784','ALCATEL','Modelo: 324','No disponible en tu pais');
INSERT INTO Celular VALUES('9765617283','Sony','Modelo: 325','No disponible en tu pais');
INSERT INTO Celular VALUES('5542669826','ALCATEL','Modelo: 326','No disponible en tu pais');
INSERT INTO Celular VALUES('4167449355','Sony','Modelo: 327','No disponible en tu pais');
INSERT INTO Celular VALUES('8986335799','LG','Modelo: 328','No disponible en tu pais');
INSERT INTO Celular VALUES('9824656388','ALCATEL','Modelo: 329','No disponible en tu pais');
INSERT INTO Celular VALUES('5453266585','ALCATEL','Modelo: 330','No disponible en tu pais');
INSERT INTO Celular VALUES('3318819417','ALCATEL','Modelo: 331','No disponible en tu pais');
INSERT INTO Celular VALUES('1667122362','ALCATEL','Modelo: 332','No disponible en tu pais');
INSERT INTO Celular VALUES('8442853262','ALCATEL','Modelo: 333','No disponible en tu pais');
INSERT INTO Celular VALUES('3117131595','ALCATEL','Modelo: 334','No disponible en tu pais');
INSERT INTO Celular VALUES('5935222578','LG','Modelo: 335','No disponible en tu pais');
INSERT INTO Celular VALUES('3493735576','Sony','Modelo: 336','No disponible en tu pais');
INSERT INTO Celular VALUES('1173673325','LG','Modelo: 337','No disponible en tu pais');
INSERT INTO Celular VALUES('8412365683','Sony','Modelo: 338','No disponible en tu pais');
INSERT INTO Celular VALUES('2437369276','ALCATEL','Modelo: 339','No disponible en tu pais');
INSERT INTO Celular VALUES('8638724357','ALCATEL','Modelo: 340','No disponible en tu pais');
INSERT INTO Celular VALUES('9536475848','ALCATEL','Modelo: 341','No disponible en tu pais');
INSERT INTO Celular VALUES('7418181924','ALCATEL','Modelo: 342','No disponible en tu pais');
INSERT INTO Celular VALUES('5793956457','Sony','Modelo: 343','No disponible en tu pais');
INSERT INTO Celular VALUES('3921289412','Sony','Modelo: 344','No disponible en tu pais');
INSERT INTO Celular VALUES('2931591873','Iphone','Modelo: 345','No disponible en tu pais');
INSERT INTO Celular VALUES('4412146912','ALCATEL','Modelo: 346','No disponible en tu pais');
INSERT INTO Celular VALUES('1248136316','LG','Modelo: 347','No disponible en tu pais');
INSERT INTO Celular VALUES('2685353674','Sony','Modelo: 348','No disponible en tu pais');
INSERT INTO Celular VALUES('5554216347','Sony','Modelo: 349','No disponible en tu pais');
INSERT INTO Celular VALUES('1329854322','Iphone','Modelo: 350','No disponible en tu pais');
INSERT INTO Celular VALUES('2636229796','ALCATEL','Modelo: 351','No disponible en tu pais');
INSERT INTO Celular VALUES('7551837379','Iphone','Modelo: 352','No disponible en tu pais');
INSERT INTO Celular VALUES('9893654935','Iphone','Modelo: 353','No disponible en tu pais');
INSERT INTO Celular VALUES('4592934216','Sony','Modelo: 354','No disponible en tu pais');
INSERT INTO Celular VALUES('6311928581','ALCATEL','Modelo: 355','No disponible en tu pais');
INSERT INTO Celular VALUES('8764964782','Sony','Modelo: 356','No disponible en tu pais');
INSERT INTO Celular VALUES('3954834628','Iphone','Modelo: 357','No disponible en tu pais');
INSERT INTO Celular VALUES('5539262347','Iphone','Modelo: 358','No disponible en tu pais');
INSERT INTO Celular VALUES('5584775975','Sony','Modelo: 359','No disponible en tu pais');
INSERT INTO Celular VALUES('3351434576','Sony','Modelo: 360','No disponible en tu pais');
INSERT INTO Celular VALUES('8821792727','Iphone','Modelo: 361','No disponible en tu pais');
INSERT INTO Celular VALUES('2731643735','Sony','Modelo: 362','No disponible en tu pais');
INSERT INTO Celular VALUES('6557455731','Iphone','Modelo: 363','No disponible en tu pais');
INSERT INTO Celular VALUES('4311858522','Sony','Modelo: 364','No disponible en tu pais');
INSERT INTO Celular VALUES('6689516521','Sony','Modelo: 365','No disponible en tu pais');
INSERT INTO Celular VALUES('4414825368','Sony','Modelo: 366','No disponible en tu pais');
INSERT INTO Celular VALUES('9444145968','ALCATEL','Modelo: 367','No disponible en tu pais');
INSERT INTO Celular VALUES('6149144244','Sony','Modelo: 368','No disponible en tu pais');
INSERT INTO Celular VALUES('5392281178','Sony','Modelo: 369','No disponible en tu pais');
INSERT INTO Celular VALUES('7498678789','Sony','Modelo: 370','No disponible en tu pais');
INSERT INTO Celular VALUES('2189491745','Sony','Modelo: 371','No disponible en tu pais');
INSERT INTO Celular VALUES('5454166887','Iphone','Modelo: 372','No disponible en tu pais');
INSERT INTO Celular VALUES('4577339877','Iphone','Modelo: 373','No disponible en tu pais');
INSERT INTO Celular VALUES('9743833413','LG','Modelo: 374','No disponible en tu pais');
INSERT INTO Celular VALUES('2632458476','Iphone','Modelo: 375','No disponible en tu pais');
INSERT INTO Celular VALUES('5748327859','Iphone','Modelo: 376','No disponible en tu pais');
INSERT INTO Celular VALUES('3117319972','Iphone','Modelo: 377','No disponible en tu pais');
INSERT INTO Celular VALUES('9632454423','LG','Modelo: 378','No disponible en tu pais');
INSERT INTO Celular VALUES('6751422155','Iphone','Modelo: 379','No disponible en tu pais');
INSERT INTO Celular VALUES('6411196451','Iphone','Modelo: 380','No disponible en tu pais');
INSERT INTO Celular VALUES('6262385883','LG','Modelo: 381','No disponible en tu pais');
INSERT INTO Celular VALUES('4549736868','Iphone','Modelo: 382','No disponible en tu pais');
INSERT INTO Celular VALUES('2932323813','Sony','Modelo: 383','No disponible en tu pais');
INSERT INTO Celular VALUES('7257187433','LG','Modelo: 384','No disponible en tu pais');
INSERT INTO Celular VALUES('4347469894','ALCATEL','Modelo: 385','No disponible en tu pais');
INSERT INTO Celular VALUES('7739244596','LG','Modelo: 386','No disponible en tu pais');
INSERT INTO Celular VALUES('7929831972','LG','Modelo: 387','No disponible en tu pais');
INSERT INTO Celular VALUES('2377466979','LG','Modelo: 388','No disponible en tu pais');
INSERT INTO Celular VALUES('1872138952','LG','Modelo: 389','No disponible en tu pais');
INSERT INTO Celular VALUES('7447393399','Iphone','Modelo: 390','No disponible en tu pais');
INSERT INTO Celular VALUES('7354559659','Sony','Modelo: 391','No disponible en tu pais');
INSERT INTO Celular VALUES('5412359818','LG','Modelo: 392','No disponible en tu pais');
INSERT INTO Celular VALUES('1625982956','Sony','Modelo: 393','No disponible en tu pais');
INSERT INTO Celular VALUES('9715321383','Sony','Modelo: 394','No disponible en tu pais');
INSERT INTO Celular VALUES('6735967858','LG','Modelo: 395','No disponible en tu pais');
INSERT INTO Celular VALUES('8214421856','ALCATEL','Modelo: 396','No disponible en tu pais');
INSERT INTO Celular VALUES('2162519994','LG','Modelo: 397','No disponible en tu pais');
INSERT INTO Celular VALUES('9879496874','ALCATEL','Modelo: 398','No disponible en tu pais');
INSERT INTO Celular VALUES('7621583113','LG','Modelo: 399','No disponible en tu pais');
INSERT INTO Celular VALUES('8423246785','LG','Modelo: 400','No disponible en tu pais');
INSERT INTO Celular VALUES('3343899354','Sony','Modelo: 401','No disponible en tu pais');
INSERT INTO Celular VALUES('2577578668','Sony','Modelo: 402','No disponible en tu pais');
INSERT INTO Celular VALUES('4495698693','LG','Modelo: 403','No disponible en tu pais');
INSERT INTO Celular VALUES('8689313244','ALCATEL','Modelo: 404','No disponible en tu pais');
INSERT INTO Celular VALUES('5265517743','LG','Modelo: 405','No disponible en tu pais');
INSERT INTO Celular VALUES('6573698411','LG','Modelo: 406','No disponible en tu pais');
INSERT INTO Celular VALUES('4779321288','Sony','Modelo: 407','No disponible en tu pais');
INSERT INTO Celular VALUES('3354325289','LG','Modelo: 408','No disponible en tu pais');
INSERT INTO Celular VALUES('9784815938','Iphone','Modelo: 409','No disponible en tu pais');
INSERT INTO Celular VALUES('3252254532','ALCATEL','Modelo: 410','No disponible en tu pais');
INSERT INTO Celular VALUES('5412621893','ALCATEL','Modelo: 411','No disponible en tu pais');
INSERT INTO Celular VALUES('4739984918','Iphone','Modelo: 412','No disponible en tu pais');
INSERT INTO Celular VALUES('5455739519','LG','Modelo: 413','No disponible en tu pais');
INSERT INTO Celular VALUES('4887184365','ALCATEL','Modelo: 414','No disponible en tu pais');
INSERT INTO Celular VALUES('8211832568','LG','Modelo: 415','No disponible en tu pais');
INSERT INTO Celular VALUES('1246319965','Iphone','Modelo: 416','No disponible en tu pais');
INSERT INTO Celular VALUES('6989318597','LG','Modelo: 417','No disponible en tu pais');
INSERT INTO Celular VALUES('6871429638','Sony','Modelo: 418','No disponible en tu pais');
INSERT INTO Celular VALUES('9355969267','LG','Modelo: 419','No disponible en tu pais');
INSERT INTO Celular VALUES('3623645556','LG','Modelo: 420','No disponible en tu pais');
INSERT INTO Celular VALUES('6245131644','ALCATEL','Modelo: 421','No disponible en tu pais');
INSERT INTO Celular VALUES('6951787191','ALCATEL','Modelo: 422','No disponible en tu pais');
INSERT INTO Celular VALUES('8933866643','Sony','Modelo: 423','No disponible en tu pais');
INSERT INTO Celular VALUES('3129219858','LG','Modelo: 424','No disponible en tu pais');
INSERT INTO Celular VALUES('6162764243','Iphone','Modelo: 425','No disponible en tu pais');
INSERT INTO Celular VALUES('8917148699','Iphone','Modelo: 426','No disponible en tu pais');
INSERT INTO Celular VALUES('3915291999','Sony','Modelo: 427','No disponible en tu pais');
INSERT INTO Celular VALUES('2239124919','Sony','Modelo: 428','No disponible en tu pais');
INSERT INTO Celular VALUES('5537478934','ALCATEL','Modelo: 429','No disponible en tu pais');
INSERT INTO Celular VALUES('3338364316','Iphone','Modelo: 430','No disponible en tu pais');
INSERT INTO Celular VALUES('1397862559','Sony','Modelo: 431','No disponible en tu pais');
INSERT INTO Celular VALUES('6335378372','ALCATEL','Modelo: 432','No disponible en tu pais');
INSERT INTO Celular VALUES('2449471162','LG','Modelo: 433','No disponible en tu pais');
INSERT INTO Celular VALUES('5396237568','Sony','Modelo: 434','No disponible en tu pais');
INSERT INTO Celular VALUES('7348126319','LG','Modelo: 435','No disponible en tu pais');
INSERT INTO Celular VALUES('9847744554','Sony','Modelo: 436','No disponible en tu pais');
INSERT INTO Celular VALUES('4353598744','Sony','Modelo: 437','No disponible en tu pais');
INSERT INTO Celular VALUES('9519827675','Iphone','Modelo: 438','No disponible en tu pais');
INSERT INTO Celular VALUES('7563947867','ALCATEL','Modelo: 439','No disponible en tu pais');
INSERT INTO Celular VALUES('4615163734','LG','Modelo: 440','No disponible en tu pais');
INSERT INTO Celular VALUES('1471688276','Sony','Modelo: 441','No disponible en tu pais');
INSERT INTO Celular VALUES('8557777785','ALCATEL','Modelo: 442','No disponible en tu pais');
INSERT INTO Celular VALUES('5894275424','Iphone','Modelo: 443','No disponible en tu pais');
INSERT INTO Celular VALUES('4542767584','Sony','Modelo: 444','No disponible en tu pais');
INSERT INTO Celular VALUES('1673939755','ALCATEL','Modelo: 445','No disponible en tu pais');
INSERT INTO Celular VALUES('9459289635','ALCATEL','Modelo: 446','No disponible en tu pais');
INSERT INTO Celular VALUES('4578529575','ALCATEL','Modelo: 447','No disponible en tu pais');
INSERT INTO Celular VALUES('3976371987','Iphone','Modelo: 448','No disponible en tu pais');
INSERT INTO Celular VALUES('4859849841','ALCATEL','Modelo: 449','No disponible en tu pais');
INSERT INTO Celular VALUES('9748169488','Sony','Modelo: 450','No disponible en tu pais');
INSERT INTO Celular VALUES('7567113855','Iphone','Modelo: 451','No disponible en tu pais');
INSERT INTO Celular VALUES('1494552232','Iphone','Modelo: 452','No disponible en tu pais');
INSERT INTO Celular VALUES('7883958751','Sony','Modelo: 453','No disponible en tu pais');
INSERT INTO Celular VALUES('7267444349','ALCATEL','Modelo: 454','No disponible en tu pais');
INSERT INTO Celular VALUES('6415892324','Sony','Modelo: 455','No disponible en tu pais');
INSERT INTO Celular VALUES('5752837613','Iphone','Modelo: 456','No disponible en tu pais');
INSERT INTO Celular VALUES('1228215498','LG','Modelo: 457','No disponible en tu pais');
INSERT INTO Celular VALUES('2834619838','Sony','Modelo: 458','No disponible en tu pais');
INSERT INTO Celular VALUES('2898694981','LG','Modelo: 459','No disponible en tu pais');
INSERT INTO Celular VALUES('1282954424','Iphone','Modelo: 460','No disponible en tu pais');
INSERT INTO Celular VALUES('1947812531','Sony','Modelo: 461','No disponible en tu pais');
INSERT INTO Celular VALUES('6928429212','Sony','Modelo: 462','No disponible en tu pais');
INSERT INTO Celular VALUES('4799894752','ALCATEL','Modelo: 463','No disponible en tu pais');
INSERT INTO Celular VALUES('9894984559','LG','Modelo: 464','No disponible en tu pais');
INSERT INTO Celular VALUES('5548425756','Iphone','Modelo: 465','No disponible en tu pais');
INSERT INTO Celular VALUES('3715299167','Iphone','Modelo: 466','No disponible en tu pais');
INSERT INTO Celular VALUES('4877944114','ALCATEL','Modelo: 467','No disponible en tu pais');
INSERT INTO Celular VALUES('2448232379','LG','Modelo: 468','No disponible en tu pais');
INSERT INTO Celular VALUES('4252493293','ALCATEL','Modelo: 469','No disponible en tu pais');
INSERT INTO Celular VALUES('6585971916','LG','Modelo: 470','No disponible en tu pais');
INSERT INTO Celular VALUES('6213165641','ALCATEL','Modelo: 471','No disponible en tu pais');
INSERT INTO Celular VALUES('3679947352','ALCATEL','Modelo: 472','No disponible en tu pais');
INSERT INTO Celular VALUES('2949853212','Sony','Modelo: 473','No disponible en tu pais');
INSERT INTO Celular VALUES('6775659422','Sony','Modelo: 474','No disponible en tu pais');
INSERT INTO Celular VALUES('5485166942','Iphone','Modelo: 475','No disponible en tu pais');
INSERT INTO Celular VALUES('8146291468','LG','Modelo: 476','No disponible en tu pais');
INSERT INTO Celular VALUES('1658735926','Sony','Modelo: 477','No disponible en tu pais');
INSERT INTO Celular VALUES('4355425815','LG','Modelo: 478','No disponible en tu pais');
INSERT INTO Celular VALUES('7931717253','ALCATEL','Modelo: 479','No disponible en tu pais');
INSERT INTO Celular VALUES('8167757217','ALCATEL','Modelo: 480','No disponible en tu pais');
INSERT INTO Celular VALUES('9819668832','Iphone','Modelo: 481','No disponible en tu pais');
INSERT INTO Celular VALUES('4822992473','Sony','Modelo: 482','No disponible en tu pais');
INSERT INTO Celular VALUES('2338754595','Sony','Modelo: 483','No disponible en tu pais');
INSERT INTO Celular VALUES('4517542759','Iphone','Modelo: 484','No disponible en tu pais');
INSERT INTO Celular VALUES('4289851373','Sony','Modelo: 485','No disponible en tu pais');
INSERT INTO Celular VALUES('8767961195','LG','Modelo: 486','No disponible en tu pais');
INSERT INTO Celular VALUES('7625473666','Iphone','Modelo: 487','No disponible en tu pais');
INSERT INTO Celular VALUES('6412187789','Iphone','Modelo: 488','No disponible en tu pais');
INSERT INTO Celular VALUES('9592529983','Sony','Modelo: 489','No disponible en tu pais');
INSERT INTO Celular VALUES('3746429156','ALCATEL','Modelo: 490','No disponible en tu pais');
INSERT INTO Celular VALUES('4394396879','LG','Modelo: 491','No disponible en tu pais');
INSERT INTO Celular VALUES('6351541684','LG','Modelo: 492','No disponible en tu pais');
INSERT INTO Celular VALUES('1187318499','Sony','Modelo: 493','No disponible en tu pais');
INSERT INTO Celular VALUES('4689795184','ALCATEL','Modelo: 494','No disponible en tu pais');
INSERT INTO Celular VALUES('1952195896','ALCATEL','Modelo: 495','No disponible en tu pais');
INSERT INTO Celular VALUES('2767831182','Iphone','Modelo: 496','No disponible en tu pais');
INSERT INTO Celular VALUES('2561887511','Iphone','Modelo: 497','No disponible en tu pais');
INSERT INTO Celular VALUES('2133967517','ALCATEL','Modelo: 498','No disponible en tu pais');
INSERT INTO Celular VALUES('8143827131','Iphone','Modelo: 499','No disponible en tu pais');
INSERT INTO Celular VALUES('2224791525','LG','Modelo: 500','No disponible en tu pais');
INSERT INTO Celular VALUES('2142815338','Iphone','Modelo: 501','No disponible en tu pais');
INSERT INTO Celular VALUES('5317272925','Sony','Modelo: 502','No disponible en tu pais');
INSERT INTO Celular VALUES('4531125243','Sony','Modelo: 503','No disponible en tu pais');
INSERT INTO Celular VALUES('3684463535','ALCATEL','Modelo: 504','No disponible en tu pais');
INSERT INTO Celular VALUES('2258929475','ALCATEL','Modelo: 505','No disponible en tu pais');
INSERT INTO Celular VALUES('3867765266','Iphone','Modelo: 506','No disponible en tu pais');
INSERT INTO Celular VALUES('6666777486','LG','Modelo: 507','No disponible en tu pais');
INSERT INTO Celular VALUES('2336363564','ALCATEL','Modelo: 508','No disponible en tu pais');
INSERT INTO Celular VALUES('2953523144','Iphone','Modelo: 509','No disponible en tu pais');
INSERT INTO Celular VALUES('2113781549','LG','Modelo: 510','No disponible en tu pais');
INSERT INTO Celular VALUES('7998981814','Sony','Modelo: 511','No disponible en tu pais');
INSERT INTO Celular VALUES('3552294144','Iphone','Modelo: 512','No disponible en tu pais');
INSERT INTO Celular VALUES('6458793946','Iphone','Modelo: 513','No disponible en tu pais');
INSERT INTO Celular VALUES('7972631288','Iphone','Modelo: 514','No disponible en tu pais');
INSERT INTO Celular VALUES('8944441991','ALCATEL','Modelo: 515','No disponible en tu pais');
INSERT INTO Celular VALUES('9973343825','LG','Modelo: 516','No disponible en tu pais');
INSERT INTO Celular VALUES('1838889414','ALCATEL','Modelo: 517','No disponible en tu pais');
INSERT INTO Celular VALUES('2794328955','ALCATEL','Modelo: 518','No disponible en tu pais');
INSERT INTO Celular VALUES('8521838234','Sony','Modelo: 519','No disponible en tu pais');
INSERT INTO Celular VALUES('5389333284','ALCATEL','Modelo: 520','No disponible en tu pais');
INSERT INTO Celular VALUES('4588917968','LG','Modelo: 521','No disponible en tu pais');
INSERT INTO Celular VALUES('2755368126','ALCATEL','Modelo: 522','No disponible en tu pais');
INSERT INTO Celular VALUES('7749222883','ALCATEL','Modelo: 523','No disponible en tu pais');
INSERT INTO Celular VALUES('7452785664','ALCATEL','Modelo: 524','No disponible en tu pais');
INSERT INTO Celular VALUES('6383615894','ALCATEL','Modelo: 525','No disponible en tu pais');
INSERT INTO Celular VALUES('3165369646','Sony','Modelo: 526','No disponible en tu pais');
INSERT INTO Celular VALUES('3175715434','Sony','Modelo: 527','No disponible en tu pais');
INSERT INTO Celular VALUES('9975915734','LG','Modelo: 528','No disponible en tu pais');
INSERT INTO Celular VALUES('9648457326','ALCATEL','Modelo: 529','No disponible en tu pais');
INSERT INTO Celular VALUES('6416495764','LG','Modelo: 530','No disponible en tu pais');
INSERT INTO Celular VALUES('6673844437','Sony','Modelo: 531','No disponible en tu pais');
INSERT INTO Celular VALUES('1984811853','Sony','Modelo: 532','No disponible en tu pais');
INSERT INTO Celular VALUES('9212771675','Sony','Modelo: 533','No disponible en tu pais');
INSERT INTO Celular VALUES('3938655422','ALCATEL','Modelo: 534','No disponible en tu pais');
INSERT INTO Celular VALUES('7425981834','Sony','Modelo: 535','No disponible en tu pais');
INSERT INTO Celular VALUES('9339269188','LG','Modelo: 536','No disponible en tu pais');
INSERT INTO Celular VALUES('3712311428','ALCATEL','Modelo: 537','No disponible en tu pais');
INSERT INTO Celular VALUES('6587173455','ALCATEL','Modelo: 538','No disponible en tu pais');
INSERT INTO Celular VALUES('7985433473','Sony','Modelo: 539','No disponible en tu pais');
INSERT INTO Celular VALUES('8559382398','Iphone','Modelo: 540','No disponible en tu pais');
INSERT INTO Celular VALUES('4736155953','Sony','Modelo: 541','No disponible en tu pais');
INSERT INTO Celular VALUES('7863297639','LG','Modelo: 542','No disponible en tu pais');
INSERT INTO Celular VALUES('7492186573','Iphone','Modelo: 543','No disponible en tu pais');
INSERT INTO Celular VALUES('9759239797','Iphone','Modelo: 544','No disponible en tu pais');
INSERT INTO Celular VALUES('9889242339','ALCATEL','Modelo: 545','No disponible en tu pais');
INSERT INTO Celular VALUES('6729542171','Iphone','Modelo: 546','No disponible en tu pais');
INSERT INTO Celular VALUES('1587337721','LG','Modelo: 547','No disponible en tu pais');
INSERT INTO Celular VALUES('3371763647','ALCATEL','Modelo: 548','No disponible en tu pais');
INSERT INTO Celular VALUES('4941549663','Iphone','Modelo: 549','No disponible en tu pais');
INSERT INTO Celular VALUES('9687556579','Iphone','Modelo: 550','No disponible en tu pais');
INSERT INTO Celular VALUES('7714827737','ALCATEL','Modelo: 551','No disponible en tu pais');
INSERT INTO Celular VALUES('2359848116','ALCATEL','Modelo: 552','No disponible en tu pais');
INSERT INTO Celular VALUES('5482726218','ALCATEL','Modelo: 553','No disponible en tu pais');
INSERT INTO Celular VALUES('4633523492','Iphone','Modelo: 554','No disponible en tu pais');
INSERT INTO Celular VALUES('5662516478','ALCATEL','Modelo: 555','No disponible en tu pais');
INSERT INTO Celular VALUES('8312773339','ALCATEL','Modelo: 556','No disponible en tu pais');
INSERT INTO Celular VALUES('4641347168','LG','Modelo: 557','No disponible en tu pais');
INSERT INTO Celular VALUES('1152759521','ALCATEL','Modelo: 558','No disponible en tu pais');
INSERT INTO Celular VALUES('9858836227','Sony','Modelo: 559','No disponible en tu pais');
INSERT INTO Celular VALUES('4634729925','ALCATEL','Modelo: 560','No disponible en tu pais');
INSERT INTO Celular VALUES('1923572814','LG','Modelo: 561','No disponible en tu pais');
INSERT INTO Celular VALUES('2339487598','Sony','Modelo: 562','No disponible en tu pais');
INSERT INTO Celular VALUES('7829926472','Iphone','Modelo: 563','No disponible en tu pais');
INSERT INTO Celular VALUES('4538693332','LG','Modelo: 564','No disponible en tu pais');
INSERT INTO Celular VALUES('9492618515','Iphone','Modelo: 565','No disponible en tu pais');
INSERT INTO Celular VALUES('4963157144','Sony','Modelo: 566','No disponible en tu pais');
INSERT INTO Celular VALUES('9411892386','ALCATEL','Modelo: 567','No disponible en tu pais');
INSERT INTO Celular VALUES('2141616667','LG','Modelo: 568','No disponible en tu pais');
INSERT INTO Celular VALUES('4525119913','Iphone','Modelo: 569','No disponible en tu pais');
INSERT INTO Celular VALUES('7347774596','ALCATEL','Modelo: 570','No disponible en tu pais');
INSERT INTO Celular VALUES('6617173657','LG','Modelo: 571','No disponible en tu pais');
INSERT INTO Celular VALUES('9236162123','Sony','Modelo: 572','No disponible en tu pais');
INSERT INTO Celular VALUES('9626161319','Iphone','Modelo: 573','No disponible en tu pais');
INSERT INTO Celular VALUES('2358679552','Iphone','Modelo: 574','No disponible en tu pais');
INSERT INTO Celular VALUES('2737478927','Iphone','Modelo: 575','No disponible en tu pais');
INSERT INTO Celular VALUES('9567249355','ALCATEL','Modelo: 576','No disponible en tu pais');
INSERT INTO Celular VALUES('5838713981','Sony','Modelo: 577','No disponible en tu pais');
INSERT INTO Celular VALUES('6937681272','Iphone','Modelo: 578','No disponible en tu pais');
INSERT INTO Celular VALUES('1573322199','ALCATEL','Modelo: 579','No disponible en tu pais');
INSERT INTO Celular VALUES('1942962757','LG','Modelo: 580','No disponible en tu pais');
INSERT INTO Celular VALUES('7256352133','ALCATEL','Modelo: 581','No disponible en tu pais');
INSERT INTO Celular VALUES('5391566573','Iphone','Modelo: 582','No disponible en tu pais');
INSERT INTO Celular VALUES('9224121125','Iphone','Modelo: 583','No disponible en tu pais');
INSERT INTO Celular VALUES('1228933428','Iphone','Modelo: 584','No disponible en tu pais');
INSERT INTO Celular VALUES('2736859917','LG','Modelo: 585','No disponible en tu pais');
INSERT INTO Celular VALUES('6974978676','Sony','Modelo: 586','No disponible en tu pais');
INSERT INTO Celular VALUES('7719419569','Iphone','Modelo: 587','No disponible en tu pais');
INSERT INTO Celular VALUES('3467966975','Sony','Modelo: 588','No disponible en tu pais');
INSERT INTO Celular VALUES('9572941126','ALCATEL','Modelo: 589','No disponible en tu pais');
INSERT INTO Celular VALUES('3152599829','Sony','Modelo: 590','No disponible en tu pais');
INSERT INTO Celular VALUES('2596516571','Iphone','Modelo: 591','No disponible en tu pais');
INSERT INTO Celular VALUES('3711462343','ALCATEL','Modelo: 592','No disponible en tu pais');
INSERT INTO Celular VALUES('5167796999','Iphone','Modelo: 593','No disponible en tu pais');
INSERT INTO Celular VALUES('6175358867','Iphone','Modelo: 594','No disponible en tu pais');
INSERT INTO Celular VALUES('2549594625','Iphone','Modelo: 595','No disponible en tu pais');
INSERT INTO Celular VALUES('6313572689','ALCATEL','Modelo: 596','No disponible en tu pais');
INSERT INTO Celular VALUES('3476512857','Sony','Modelo: 597','No disponible en tu pais');
INSERT INTO Celular VALUES('8641192456','LG','Modelo: 598','No disponible en tu pais');
INSERT INTO Celular VALUES('1349568745','ALCATEL','Modelo: 599','No disponible en tu pais');
INSERT INTO Celular VALUES('5161984344','LG','Modelo: 600','No disponible en tu pais');
INSERT INTO Celular VALUES('8671434335','Sony','Modelo: 601','No disponible en tu pais');
INSERT INTO Celular VALUES('5887717895','Iphone','Modelo: 602','No disponible en tu pais');
INSERT INTO Celular VALUES('4755721234','LG','Modelo: 603','No disponible en tu pais');
INSERT INTO Celular VALUES('5699259786','LG','Modelo: 604','No disponible en tu pais');
INSERT INTO Celular VALUES('5639734511','Sony','Modelo: 605','No disponible en tu pais');
INSERT INTO Celular VALUES('9394677242','ALCATEL','Modelo: 606','No disponible en tu pais');
INSERT INTO Celular VALUES('3895364461','Sony','Modelo: 607','No disponible en tu pais');
INSERT INTO Celular VALUES('9761745519','LG','Modelo: 608','No disponible en tu pais');
INSERT INTO Celular VALUES('9418646982','LG','Modelo: 609','No disponible en tu pais');
INSERT INTO Celular VALUES('1185757218','Iphone','Modelo: 610','No disponible en tu pais');
INSERT INTO Celular VALUES('8931655516','Iphone','Modelo: 611','No disponible en tu pais');
INSERT INTO Celular VALUES('1786892296','LG','Modelo: 612','No disponible en tu pais');
INSERT INTO Celular VALUES('3277474443','LG','Modelo: 613','No disponible en tu pais');
INSERT INTO Celular VALUES('9296141893','Sony','Modelo: 614','No disponible en tu pais');
INSERT INTO Celular VALUES('5883715497','ALCATEL','Modelo: 615','No disponible en tu pais');
INSERT INTO Celular VALUES('2674866137','Sony','Modelo: 616','No disponible en tu pais');
INSERT INTO Celular VALUES('6465219889','Iphone','Modelo: 617','No disponible en tu pais');
INSERT INTO Celular VALUES('5494271628','LG','Modelo: 618','No disponible en tu pais');
INSERT INTO Celular VALUES('5816754316','LG','Modelo: 619','No disponible en tu pais');
INSERT INTO Celular VALUES('5317685645','ALCATEL','Modelo: 620','No disponible en tu pais');
INSERT INTO Celular VALUES('2983769968','Iphone','Modelo: 621','No disponible en tu pais');
INSERT INTO Celular VALUES('5412873891','Iphone','Modelo: 622','No disponible en tu pais');
INSERT INTO Celular VALUES('1747176942','Iphone','Modelo: 623','No disponible en tu pais');
INSERT INTO Celular VALUES('8835671129','Iphone','Modelo: 624','No disponible en tu pais');
INSERT INTO Celular VALUES('6769919589','ALCATEL','Modelo: 625','No disponible en tu pais');
INSERT INTO Celular VALUES('1448376227','Sony','Modelo: 626','No disponible en tu pais');
INSERT INTO Celular VALUES('4545658644','Sony','Modelo: 627','No disponible en tu pais');
INSERT INTO Celular VALUES('7445327929','Sony','Modelo: 628','No disponible en tu pais');
INSERT INTO Celular VALUES('6586834991','Sony','Modelo: 629','No disponible en tu pais');
INSERT INTO Celular VALUES('2542784482','LG','Modelo: 630','No disponible en tu pais');
INSERT INTO Celular VALUES('9278567581','Sony','Modelo: 631','No disponible en tu pais');
INSERT INTO Celular VALUES('7234237482','Iphone','Modelo: 632','No disponible en tu pais');
INSERT INTO Celular VALUES('5947986332','Iphone','Modelo: 633','No disponible en tu pais');
INSERT INTO Celular VALUES('3462462161','Sony','Modelo: 634','No disponible en tu pais');
INSERT INTO Celular VALUES('9992511314','Iphone','Modelo: 635','No disponible en tu pais');
INSERT INTO Celular VALUES('3965628227','Iphone','Modelo: 636','No disponible en tu pais');
INSERT INTO Celular VALUES('8533259221','ALCATEL','Modelo: 637','No disponible en tu pais');
INSERT INTO Celular VALUES('3297992564','Iphone','Modelo: 638','No disponible en tu pais');
INSERT INTO Celular VALUES('1871663121','LG','Modelo: 639','No disponible en tu pais');
INSERT INTO Celular VALUES('9732576593','Sony','Modelo: 640','No disponible en tu pais');
INSERT INTO Celular VALUES('7492179774','ALCATEL','Modelo: 641','No disponible en tu pais');
INSERT INTO Celular VALUES('9941215233','Iphone','Modelo: 642','No disponible en tu pais');
INSERT INTO Celular VALUES('5883767252','Iphone','Modelo: 643','No disponible en tu pais');
INSERT INTO Celular VALUES('9253423651','ALCATEL','Modelo: 644','No disponible en tu pais');
INSERT INTO Celular VALUES('4982711674','Sony','Modelo: 645','No disponible en tu pais');
INSERT INTO Celular VALUES('8112494266','Iphone','Modelo: 646','No disponible en tu pais');
INSERT INTO Celular VALUES('2897375714','ALCATEL','Modelo: 647','No disponible en tu pais');
INSERT INTO Celular VALUES('4682898134','ALCATEL','Modelo: 648','No disponible en tu pais');
INSERT INTO Celular VALUES('5585859315','ALCATEL','Modelo: 649','No disponible en tu pais');
INSERT INTO Celular VALUES('5662259519','Iphone','Modelo: 650','No disponible en tu pais');
INSERT INTO Celular VALUES('7469456281','Sony','Modelo: 651','No disponible en tu pais');
INSERT INTO Celular VALUES('4448382473','ALCATEL','Modelo: 652','No disponible en tu pais');
INSERT INTO Celular VALUES('4789441323','ALCATEL','Modelo: 653','No disponible en tu pais');
INSERT INTO Celular VALUES('1383974796','ALCATEL','Modelo: 654','No disponible en tu pais');
INSERT INTO Celular VALUES('1181882972','ALCATEL','Modelo: 655','No disponible en tu pais');
INSERT INTO Celular VALUES('3957538957','LG','Modelo: 656','No disponible en tu pais');
INSERT INTO Celular VALUES('6978343617','Iphone','Modelo: 657','No disponible en tu pais');
INSERT INTO Celular VALUES('9591723237','Sony','Modelo: 658','No disponible en tu pais');
INSERT INTO Celular VALUES('9679643959','ALCATEL','Modelo: 659','No disponible en tu pais');
INSERT INTO Celular VALUES('4134863151','Iphone','Modelo: 660','No disponible en tu pais');
INSERT INTO Celular VALUES('5215491185','Sony','Modelo: 661','No disponible en tu pais');
INSERT INTO Celular VALUES('5394784931','Sony','Modelo: 662','No disponible en tu pais');
INSERT INTO Celular VALUES('3344694976','ALCATEL','Modelo: 663','No disponible en tu pais');
INSERT INTO Celular VALUES('8624389244','LG','Modelo: 664','No disponible en tu pais');
INSERT INTO Celular VALUES('5228469589','Iphone','Modelo: 665','No disponible en tu pais');
INSERT INTO Celular VALUES('6513128353','Sony','Modelo: 666','No disponible en tu pais');
INSERT INTO Celular VALUES('9327249772','LG','Modelo: 667','No disponible en tu pais');
INSERT INTO Celular VALUES('1374343344','ALCATEL','Modelo: 668','No disponible en tu pais');
INSERT INTO Celular VALUES('2357488796','ALCATEL','Modelo: 669','No disponible en tu pais');
INSERT INTO Celular VALUES('7398729186','Iphone','Modelo: 670','No disponible en tu pais');
INSERT INTO Celular VALUES('1195948657','ALCATEL','Modelo: 671','No disponible en tu pais');
INSERT INTO Celular VALUES('4414862584','LG','Modelo: 672','No disponible en tu pais');
INSERT INTO Celular VALUES('4765895586','Iphone','Modelo: 673','No disponible en tu pais');
INSERT INTO Celular VALUES('2521384296','ALCATEL','Modelo: 674','No disponible en tu pais');
INSERT INTO Celular VALUES('5372852475','ALCATEL','Modelo: 675','No disponible en tu pais');
INSERT INTO Celular VALUES('4535271864','Sony','Modelo: 676','No disponible en tu pais');
INSERT INTO Celular VALUES('8589512589','Iphone','Modelo: 677','No disponible en tu pais');
INSERT INTO Celular VALUES('7266142954','ALCATEL','Modelo: 678','No disponible en tu pais');
INSERT INTO Celular VALUES('5567691359','Sony','Modelo: 679','No disponible en tu pais');
INSERT INTO Celular VALUES('6565147917','Iphone','Modelo: 680','No disponible en tu pais');
INSERT INTO Celular VALUES('3369799672','LG','Modelo: 681','No disponible en tu pais');
INSERT INTO Celular VALUES('7894747498','ALCATEL','Modelo: 682','No disponible en tu pais');
INSERT INTO Celular VALUES('9483548351','LG','Modelo: 683','No disponible en tu pais');
INSERT INTO Celular VALUES('6734517686','Sony','Modelo: 684','No disponible en tu pais');
INSERT INTO Celular VALUES('5727128176','Iphone','Modelo: 685','No disponible en tu pais');
INSERT INTO Celular VALUES('7639127969','Sony','Modelo: 686','No disponible en tu pais');
INSERT INTO Celular VALUES('6584142888','ALCATEL','Modelo: 687','No disponible en tu pais');
INSERT INTO Celular VALUES('7464178666','ALCATEL','Modelo: 688','No disponible en tu pais');
INSERT INTO Celular VALUES('6752173314','Sony','Modelo: 689','No disponible en tu pais');
INSERT INTO Celular VALUES('5271389659','LG','Modelo: 690','No disponible en tu pais');
INSERT INTO Celular VALUES('7514793835','ALCATEL','Modelo: 691','No disponible en tu pais');
INSERT INTO Celular VALUES('3611881977','Sony','Modelo: 692','No disponible en tu pais');
INSERT INTO Celular VALUES('9593323594','Sony','Modelo: 693','No disponible en tu pais');
INSERT INTO Celular VALUES('6732155956','Iphone','Modelo: 694','No disponible en tu pais');
INSERT INTO Celular VALUES('7799213244','ALCATEL','Modelo: 695','No disponible en tu pais');
INSERT INTO Celular VALUES('5727282294','Sony','Modelo: 696','No disponible en tu pais');
INSERT INTO Celular VALUES('4668389574','LG','Modelo: 697','No disponible en tu pais');
INSERT INTO Celular VALUES('4244897624','LG','Modelo: 698','No disponible en tu pais');
INSERT INTO Celular VALUES('5286691391','LG','Modelo: 699','No disponible en tu pais');
INSERT INTO Celular VALUES('6267372627','Iphone','Modelo: 700','No disponible en tu pais');
INSERT INTO Celular VALUES('2833347123','LG','Modelo: 701','No disponible en tu pais');
INSERT INTO Celular VALUES('4521584978','Sony','Modelo: 702','No disponible en tu pais');
INSERT INTO Celular VALUES('3338287253','Sony','Modelo: 703','No disponible en tu pais');
INSERT INTO Celular VALUES('8814496651','ALCATEL','Modelo: 704','No disponible en tu pais');
INSERT INTO Celular VALUES('9727493767','ALCATEL','Modelo: 705','No disponible en tu pais');
INSERT INTO Celular VALUES('6149559736','Iphone','Modelo: 706','No disponible en tu pais');
INSERT INTO Celular VALUES('8872926355','Iphone','Modelo: 707','No disponible en tu pais');
INSERT INTO Celular VALUES('8175893956','Sony','Modelo: 708','No disponible en tu pais');
INSERT INTO Celular VALUES('6849493551','Sony','Modelo: 709','No disponible en tu pais');
INSERT INTO Celular VALUES('1164187636','Sony','Modelo: 710','No disponible en tu pais');
INSERT INTO Celular VALUES('3122483948','Sony','Modelo: 711','No disponible en tu pais');
INSERT INTO Celular VALUES('4269242186','ALCATEL','Modelo: 712','No disponible en tu pais');
INSERT INTO Celular VALUES('3419712994','Iphone','Modelo: 713','No disponible en tu pais');
INSERT INTO Celular VALUES('7153774135','ALCATEL','Modelo: 714','No disponible en tu pais');
INSERT INTO Celular VALUES('9644673752','Iphone','Modelo: 715','No disponible en tu pais');
INSERT INTO Celular VALUES('2977672591','LG','Modelo: 716','No disponible en tu pais');
INSERT INTO Celular VALUES('9972297319','Iphone','Modelo: 717','No disponible en tu pais');
INSERT INTO Celular VALUES('2765591222','Sony','Modelo: 718','No disponible en tu pais');
INSERT INTO Celular VALUES('2296483851','Iphone','Modelo: 719','No disponible en tu pais');
INSERT INTO Celular VALUES('5784658149','ALCATEL','Modelo: 720','No disponible en tu pais');
INSERT INTO Celular VALUES('1549587447','ALCATEL','Modelo: 721','No disponible en tu pais');
INSERT INTO Celular VALUES('2411272941','Iphone','Modelo: 722','No disponible en tu pais');
INSERT INTO Celular VALUES('7567162665','LG','Modelo: 723','No disponible en tu pais');
INSERT INTO Celular VALUES('8384276742','Sony','Modelo: 724','No disponible en tu pais');
INSERT INTO Celular VALUES('9596874769','LG','Modelo: 725','No disponible en tu pais');
INSERT INTO Celular VALUES('5128658466','LG','Modelo: 726','No disponible en tu pais');
INSERT INTO Celular VALUES('2611935397','Sony','Modelo: 727','No disponible en tu pais');
INSERT INTO Celular VALUES('2952356164','ALCATEL','Modelo: 728','No disponible en tu pais');
INSERT INTO Celular VALUES('4488664799','ALCATEL','Modelo: 729','No disponible en tu pais');
INSERT INTO Celular VALUES('3963815297','Sony','Modelo: 730','No disponible en tu pais');
INSERT INTO Celular VALUES('8399454942','Iphone','Modelo: 731','No disponible en tu pais');
INSERT INTO Celular VALUES('2645152828','LG','Modelo: 732','No disponible en tu pais');
INSERT INTO Celular VALUES('5385858683','Sony','Modelo: 733','No disponible en tu pais');
INSERT INTO Celular VALUES('3421152119','Iphone','Modelo: 734','No disponible en tu pais');
INSERT INTO Celular VALUES('4899984854','Iphone','Modelo: 735','No disponible en tu pais');
INSERT INTO Celular VALUES('9598656329','Iphone','Modelo: 736','No disponible en tu pais');
INSERT INTO Celular VALUES('6733546558','LG','Modelo: 737','No disponible en tu pais');
INSERT INTO Celular VALUES('7138554624','LG','Modelo: 738','No disponible en tu pais');
INSERT INTO Celular VALUES('3787181798','ALCATEL','Modelo: 739','No disponible en tu pais');
INSERT INTO Celular VALUES('6398136342','Iphone','Modelo: 740','No disponible en tu pais');
INSERT INTO Celular VALUES('4235689461','LG','Modelo: 741','No disponible en tu pais');
INSERT INTO Celular VALUES('7979859964','Sony','Modelo: 742','No disponible en tu pais');
INSERT INTO Celular VALUES('7376512263','ALCATEL','Modelo: 743','No disponible en tu pais');
INSERT INTO Celular VALUES('5379923766','Sony','Modelo: 744','No disponible en tu pais');
INSERT INTO Celular VALUES('3483495381','LG','Modelo: 745','No disponible en tu pais');
INSERT INTO Celular VALUES('2749942722','Sony','Modelo: 746','No disponible en tu pais');
INSERT INTO Celular VALUES('7666952584','LG','Modelo: 747','No disponible en tu pais');
INSERT INTO Celular VALUES('9851486477','Iphone','Modelo: 748','No disponible en tu pais');
INSERT INTO Celular VALUES('3919622348','Sony','Modelo: 749','No disponible en tu pais');
INSERT INTO Celular VALUES('3389266621','Iphone','Modelo: 750','No disponible en tu pais');
INSERT INTO Celular VALUES('9495372491','Iphone','Modelo: 751','No disponible en tu pais');
INSERT INTO Celular VALUES('9414561717','ALCATEL','Modelo: 752','No disponible en tu pais');
INSERT INTO Celular VALUES('9226777615','Sony','Modelo: 753','No disponible en tu pais');
INSERT INTO Celular VALUES('4865622259','ALCATEL','Modelo: 754','No disponible en tu pais');
INSERT INTO Celular VALUES('6836979975','Sony','Modelo: 755','No disponible en tu pais');
INSERT INTO Celular VALUES('2929968942','ALCATEL','Modelo: 756','No disponible en tu pais');
INSERT INTO Celular VALUES('6617425217','ALCATEL','Modelo: 757','No disponible en tu pais');
INSERT INTO Celular VALUES('1333841117','ALCATEL','Modelo: 758','No disponible en tu pais');
INSERT INTO Celular VALUES('9532612351','Sony','Modelo: 759','No disponible en tu pais');
INSERT INTO Celular VALUES('1652438247','Sony','Modelo: 760','No disponible en tu pais');
INSERT INTO Celular VALUES('3179893337','Sony','Modelo: 761','No disponible en tu pais');
INSERT INTO Celular VALUES('4811486915','Iphone','Modelo: 762','No disponible en tu pais');
INSERT INTO Celular VALUES('8282326121','LG','Modelo: 763','No disponible en tu pais');
INSERT INTO Celular VALUES('8683485881','Iphone','Modelo: 764','No disponible en tu pais');
INSERT INTO Celular VALUES('8872964631','ALCATEL','Modelo: 765','No disponible en tu pais');
INSERT INTO Celular VALUES('7873738445','Sony','Modelo: 766','No disponible en tu pais');
INSERT INTO Celular VALUES('7299516746','LG','Modelo: 767','No disponible en tu pais');
INSERT INTO Celular VALUES('8142156588','LG','Modelo: 768','No disponible en tu pais');
INSERT INTO Celular VALUES('5759486349','ALCATEL','Modelo: 769','No disponible en tu pais');
INSERT INTO Celular VALUES('3833436925','ALCATEL','Modelo: 770','No disponible en tu pais');
INSERT INTO Celular VALUES('3851488726','ALCATEL','Modelo: 771','No disponible en tu pais');
INSERT INTO Celular VALUES('5267917534','Sony','Modelo: 772','No disponible en tu pais');
INSERT INTO Celular VALUES('2983796433','ALCATEL','Modelo: 773','No disponible en tu pais');
INSERT INTO Celular VALUES('5785439285','Iphone','Modelo: 774','No disponible en tu pais');
INSERT INTO Celular VALUES('9568183386','Sony','Modelo: 775','No disponible en tu pais');
INSERT INTO Celular VALUES('9838718677','Sony','Modelo: 776','No disponible en tu pais');
INSERT INTO Celular VALUES('1299749284','Sony','Modelo: 777','No disponible en tu pais');
INSERT INTO Celular VALUES('4321496462','Sony','Modelo: 778','No disponible en tu pais');
INSERT INTO Celular VALUES('4335994656','ALCATEL','Modelo: 779','No disponible en tu pais');
INSERT INTO Celular VALUES('4746174794','ALCATEL','Modelo: 780','No disponible en tu pais');
INSERT INTO Celular VALUES('1925632394','Sony','Modelo: 781','No disponible en tu pais');
INSERT INTO Celular VALUES('5915397177','ALCATEL','Modelo: 782','No disponible en tu pais');
INSERT INTO Celular VALUES('5179811841','ALCATEL','Modelo: 783','No disponible en tu pais');
INSERT INTO Celular VALUES('4755763326','ALCATEL','Modelo: 784','No disponible en tu pais');
INSERT INTO Celular VALUES('6887496882','Iphone','Modelo: 785','No disponible en tu pais');
INSERT INTO Celular VALUES('5929867934','Sony','Modelo: 786','No disponible en tu pais');
INSERT INTO Celular VALUES('7992469883','Iphone','Modelo: 787','No disponible en tu pais');
INSERT INTO Celular VALUES('8911359778','Iphone','Modelo: 788','No disponible en tu pais');
INSERT INTO Celular VALUES('2643484622','Iphone','Modelo: 789','No disponible en tu pais');
INSERT INTO Celular VALUES('9283673766','LG','Modelo: 790','No disponible en tu pais');
INSERT INTO Celular VALUES('7833148419','LG','Modelo: 791','No disponible en tu pais');
INSERT INTO Celular VALUES('8717826676','Sony','Modelo: 792','No disponible en tu pais');
INSERT INTO Celular VALUES('7917482894','Sony','Modelo: 793','No disponible en tu pais');
INSERT INTO Celular VALUES('8372577791','ALCATEL','Modelo: 794','No disponible en tu pais');
INSERT INTO Celular VALUES('8347813117','Sony','Modelo: 795','No disponible en tu pais');
INSERT INTO Celular VALUES('9546474266','LG','Modelo: 796','No disponible en tu pais');
INSERT INTO Celular VALUES('7741348395','Iphone','Modelo: 797','No disponible en tu pais');
INSERT INTO Celular VALUES('1578847948','ALCATEL','Modelo: 798','No disponible en tu pais');
INSERT INTO Celular VALUES('7431881171','LG','Modelo: 799','No disponible en tu pais');
INSERT INTO Celular VALUES('8976185935','ALCATEL','Modelo: 800','No disponible en tu pais');
INSERT INTO Celular VALUES('4833541132','Iphone','Modelo: 801','No disponible en tu pais');
INSERT INTO Celular VALUES('5568847853','LG','Modelo: 802','No disponible en tu pais');
INSERT INTO Celular VALUES('7761829646','ALCATEL','Modelo: 803','No disponible en tu pais');
INSERT INTO Celular VALUES('4861733447','Iphone','Modelo: 804','No disponible en tu pais');
INSERT INTO Celular VALUES('6337442566','LG','Modelo: 805','No disponible en tu pais');
INSERT INTO Celular VALUES('3911454781','Iphone','Modelo: 806','No disponible en tu pais');
INSERT INTO Celular VALUES('1889646675','LG','Modelo: 807','No disponible en tu pais');
INSERT INTO Celular VALUES('7243583857','ALCATEL','Modelo: 808','No disponible en tu pais');
INSERT INTO Celular VALUES('7179415785','LG','Modelo: 809','No disponible en tu pais');
INSERT INTO Celular VALUES('1679545675','Iphone','Modelo: 810','No disponible en tu pais');
INSERT INTO Celular VALUES('2385435236','Iphone','Modelo: 811','No disponible en tu pais');
INSERT INTO Celular VALUES('4774815146','ALCATEL','Modelo: 812','No disponible en tu pais');
INSERT INTO Celular VALUES('7473232889','Sony','Modelo: 813','No disponible en tu pais');
INSERT INTO Celular VALUES('2554429714','Sony','Modelo: 814','No disponible en tu pais');
INSERT INTO Celular VALUES('4421212448','Iphone','Modelo: 815','No disponible en tu pais');
INSERT INTO Celular VALUES('3782967355','ALCATEL','Modelo: 816','No disponible en tu pais');
INSERT INTO Celular VALUES('6616232915','Sony','Modelo: 817','No disponible en tu pais');
INSERT INTO Celular VALUES('6327945554','LG','Modelo: 818','No disponible en tu pais');
INSERT INTO Celular VALUES('5865635753','Iphone','Modelo: 819','No disponible en tu pais');
INSERT INTO Celular VALUES('2966416827','ALCATEL','Modelo: 820','No disponible en tu pais');
INSERT INTO Celular VALUES('8368271592','LG','Modelo: 821','No disponible en tu pais');
INSERT INTO Celular VALUES('2451793841','Iphone','Modelo: 822','No disponible en tu pais');
INSERT INTO Celular VALUES('1232935926','ALCATEL','Modelo: 823','No disponible en tu pais');
INSERT INTO Celular VALUES('4517398186','Sony','Modelo: 824','No disponible en tu pais');
INSERT INTO Celular VALUES('2967493592','Sony','Modelo: 825','No disponible en tu pais');
INSERT INTO Celular VALUES('4339929785','Sony','Modelo: 826','No disponible en tu pais');
INSERT INTO Celular VALUES('6337625673','Sony','Modelo: 827','No disponible en tu pais');
INSERT INTO Celular VALUES('3989163374','Iphone','Modelo: 828','No disponible en tu pais');
INSERT INTO Celular VALUES('7525715365','ALCATEL','Modelo: 829','No disponible en tu pais');
INSERT INTO Celular VALUES('8244757222','Iphone','Modelo: 830','No disponible en tu pais');
INSERT INTO Celular VALUES('9814225156','LG','Modelo: 831','No disponible en tu pais');
INSERT INTO Celular VALUES('5957375358','ALCATEL','Modelo: 832','No disponible en tu pais');
INSERT INTO Celular VALUES('4518639312','LG','Modelo: 833','No disponible en tu pais');
INSERT INTO Celular VALUES('9639889438','LG','Modelo: 834','No disponible en tu pais');
INSERT INTO Celular VALUES('9768193918','Iphone','Modelo: 835','No disponible en tu pais');
INSERT INTO Celular VALUES('1219366677','Iphone','Modelo: 836','No disponible en tu pais');
INSERT INTO Celular VALUES('2179383493','ALCATEL','Modelo: 837','No disponible en tu pais');
INSERT INTO Celular VALUES('3877144962','ALCATEL','Modelo: 838','No disponible en tu pais');
INSERT INTO Celular VALUES('8726994253','Sony','Modelo: 839','No disponible en tu pais');
INSERT INTO Celular VALUES('2293327483','ALCATEL','Modelo: 840','No disponible en tu pais');
INSERT INTO Celular VALUES('6113966443','LG','Modelo: 841','No disponible en tu pais');
INSERT INTO Celular VALUES('2838911598','ALCATEL','Modelo: 842','No disponible en tu pais');
INSERT INTO Celular VALUES('4536782511','Sony','Modelo: 843','No disponible en tu pais');
INSERT INTO Celular VALUES('7261178236','LG','Modelo: 844','No disponible en tu pais');
INSERT INTO Celular VALUES('3485188834','LG','Modelo: 845','No disponible en tu pais');
INSERT INTO Celular VALUES('7996586479','ALCATEL','Modelo: 846','No disponible en tu pais');
INSERT INTO Celular VALUES('9449314764','ALCATEL','Modelo: 847','No disponible en tu pais');
INSERT INTO Celular VALUES('5911582451','Iphone','Modelo: 848','No disponible en tu pais');
INSERT INTO Celular VALUES('4111446281','Sony','Modelo: 849','No disponible en tu pais');
INSERT INTO Celular VALUES('6833264833','Iphone','Modelo: 850','No disponible en tu pais');
INSERT INTO Celular VALUES('5638272839','Sony','Modelo: 851','No disponible en tu pais');
INSERT INTO Celular VALUES('2226951333','Sony','Modelo: 852','No disponible en tu pais');
INSERT INTO Celular VALUES('8413527831','LG','Modelo: 853','No disponible en tu pais');
INSERT INTO Celular VALUES('7288577943','ALCATEL','Modelo: 854','No disponible en tu pais');
INSERT INTO Celular VALUES('2188159311','ALCATEL','Modelo: 855','No disponible en tu pais');
INSERT INTO Celular VALUES('3333864556','ALCATEL','Modelo: 856','No disponible en tu pais');
INSERT INTO Celular VALUES('4115962373','LG','Modelo: 857','No disponible en tu pais');
INSERT INTO Celular VALUES('4746279443','ALCATEL','Modelo: 858','No disponible en tu pais');
INSERT INTO Celular VALUES('6791617467','Iphone','Modelo: 859','No disponible en tu pais');
INSERT INTO Celular VALUES('6787688993','Sony','Modelo: 860','No disponible en tu pais');
INSERT INTO Celular VALUES('2751665326','LG','Modelo: 861','No disponible en tu pais');
INSERT INTO Celular VALUES('2989966853','Sony','Modelo: 862','No disponible en tu pais');
INSERT INTO Celular VALUES('7632382885','ALCATEL','Modelo: 863','No disponible en tu pais');
INSERT INTO Celular VALUES('4995641133','Iphone','Modelo: 864','No disponible en tu pais');
INSERT INTO Celular VALUES('1841594378','Iphone','Modelo: 865','No disponible en tu pais');
INSERT INTO Celular VALUES('5814158742','Sony','Modelo: 866','No disponible en tu pais');
INSERT INTO Celular VALUES('7673671574','ALCATEL','Modelo: 867','No disponible en tu pais');
INSERT INTO Celular VALUES('4174583456','Iphone','Modelo: 868','No disponible en tu pais');
INSERT INTO Celular VALUES('3648519898','LG','Modelo: 869','No disponible en tu pais');
INSERT INTO Celular VALUES('8852526165','Sony','Modelo: 870','No disponible en tu pais');
INSERT INTO Celular VALUES('9626435953','LG','Modelo: 871','No disponible en tu pais');
INSERT INTO Celular VALUES('3186452789','LG','Modelo: 872','No disponible en tu pais');
INSERT INTO Celular VALUES('2851262994','Iphone','Modelo: 873','No disponible en tu pais');
INSERT INTO Celular VALUES('6561334544','Sony','Modelo: 874','No disponible en tu pais');
INSERT INTO Celular VALUES('2373988547','LG','Modelo: 875','No disponible en tu pais');
INSERT INTO Celular VALUES('4584724449','Iphone','Modelo: 876','No disponible en tu pais');
INSERT INTO Celular VALUES('9143762932','Sony','Modelo: 877','No disponible en tu pais');
INSERT INTO Celular VALUES('5418229692','LG','Modelo: 878','No disponible en tu pais');
INSERT INTO Celular VALUES('1121918892','Iphone','Modelo: 879','No disponible en tu pais');
INSERT INTO Celular VALUES('1169243566','Iphone','Modelo: 880','No disponible en tu pais');
INSERT INTO Celular VALUES('2411543769','LG','Modelo: 881','No disponible en tu pais');
INSERT INTO Celular VALUES('1441537873','Iphone','Modelo: 882','No disponible en tu pais');
INSERT INTO Celular VALUES('1127358699','ALCATEL','Modelo: 883','No disponible en tu pais');
INSERT INTO Celular VALUES('9239445442','Iphone','Modelo: 884','No disponible en tu pais');
INSERT INTO Celular VALUES('1139136122','Iphone','Modelo: 885','No disponible en tu pais');
INSERT INTO Celular VALUES('7139932516','ALCATEL','Modelo: 886','No disponible en tu pais');
INSERT INTO Celular VALUES('5268319515','Iphone','Modelo: 887','No disponible en tu pais');
INSERT INTO Celular VALUES('8225237525','ALCATEL','Modelo: 888','No disponible en tu pais');
INSERT INTO Celular VALUES('6418978788','Iphone','Modelo: 889','No disponible en tu pais');
INSERT INTO Celular VALUES('6579131112','Iphone','Modelo: 890','No disponible en tu pais');
INSERT INTO Celular VALUES('8449218538','Iphone','Modelo: 891','No disponible en tu pais');
INSERT INTO Celular VALUES('3574477236','ALCATEL','Modelo: 892','No disponible en tu pais');
INSERT INTO Celular VALUES('6515846363','ALCATEL','Modelo: 893','No disponible en tu pais');
INSERT INTO Celular VALUES('8494158793','LG','Modelo: 894','No disponible en tu pais');
INSERT INTO Celular VALUES('4821763255','LG','Modelo: 895','No disponible en tu pais');
INSERT INTO Celular VALUES('4317957498','LG','Modelo: 896','No disponible en tu pais');
INSERT INTO Celular VALUES('4742436453','Iphone','Modelo: 897','No disponible en tu pais');
INSERT INTO Celular VALUES('2173299692','Sony','Modelo: 898','No disponible en tu pais');
INSERT INTO Celular VALUES('3357893475','Sony','Modelo: 899','No disponible en tu pais');
INSERT INTO Celular VALUES('4466779162','Sony','Modelo: 900','No disponible en tu pais');
INSERT INTO Celular VALUES('7977351531','Sony','Modelo: 901','No disponible en tu pais');
INSERT INTO Celular VALUES('1965473145','Iphone','Modelo: 902','No disponible en tu pais');
INSERT INTO Celular VALUES('1253246137','Iphone','Modelo: 903','No disponible en tu pais');
INSERT INTO Celular VALUES('4188127157','Iphone','Modelo: 904','No disponible en tu pais');
INSERT INTO Celular VALUES('8134414982','Sony','Modelo: 905','No disponible en tu pais');
INSERT INTO Celular VALUES('9967472147','LG','Modelo: 906','No disponible en tu pais');
INSERT INTO Celular VALUES('1641814537','ALCATEL','Modelo: 907','No disponible en tu pais');
INSERT INTO Celular VALUES('4134226471','ALCATEL','Modelo: 908','No disponible en tu pais');
INSERT INTO Celular VALUES('1658133868','ALCATEL','Modelo: 909','No disponible en tu pais');
INSERT INTO Celular VALUES('8574467616','Sony','Modelo: 910','No disponible en tu pais');
INSERT INTO Celular VALUES('3769317682','Iphone','Modelo: 911','No disponible en tu pais');
INSERT INTO Celular VALUES('4594764716','LG','Modelo: 912','No disponible en tu pais');
INSERT INTO Celular VALUES('6987457788','Iphone','Modelo: 913','No disponible en tu pais');
INSERT INTO Celular VALUES('6442566568','Iphone','Modelo: 914','No disponible en tu pais');
INSERT INTO Celular VALUES('4121858865','Iphone','Modelo: 915','No disponible en tu pais');
INSERT INTO Celular VALUES('8176835474','Sony','Modelo: 916','No disponible en tu pais');
INSERT INTO Celular VALUES('7598544687','Iphone','Modelo: 917','No disponible en tu pais');
INSERT INTO Celular VALUES('7269634826','ALCATEL','Modelo: 918','No disponible en tu pais');
INSERT INTO Celular VALUES('3664995415','Sony','Modelo: 919','No disponible en tu pais');
INSERT INTO Celular VALUES('7943137491','Sony','Modelo: 920','No disponible en tu pais');
INSERT INTO Celular VALUES('4721823555','Sony','Modelo: 921','No disponible en tu pais');
INSERT INTO Celular VALUES('1771755294','LG','Modelo: 922','No disponible en tu pais');
INSERT INTO Celular VALUES('4825952819','LG','Modelo: 923','No disponible en tu pais');
INSERT INTO Celular VALUES('7736118996','ALCATEL','Modelo: 924','No disponible en tu pais');
INSERT INTO Celular VALUES('3548333779','LG','Modelo: 925','No disponible en tu pais');
INSERT INTO Celular VALUES('6837113893','Iphone','Modelo: 926','No disponible en tu pais');
INSERT INTO Celular VALUES('1962538713','Iphone','Modelo: 927','No disponible en tu pais');
INSERT INTO Celular VALUES('6941216657','LG','Modelo: 928','No disponible en tu pais');
INSERT INTO Celular VALUES('7398411573','Sony','Modelo: 929','No disponible en tu pais');
INSERT INTO Celular VALUES('5412148921','ALCATEL','Modelo: 930','No disponible en tu pais');
INSERT INTO Celular VALUES('1892393226','LG','Modelo: 931','No disponible en tu pais');
INSERT INTO Celular VALUES('7875471984','Sony','Modelo: 932','No disponible en tu pais');
INSERT INTO Celular VALUES('8617462426','ALCATEL','Modelo: 933','No disponible en tu pais');
INSERT INTO Celular VALUES('1278778912','ALCATEL','Modelo: 934','No disponible en tu pais');
INSERT INTO Celular VALUES('8289675991','Iphone','Modelo: 935','No disponible en tu pais');
INSERT INTO Celular VALUES('9953875923','ALCATEL','Modelo: 936','No disponible en tu pais');
INSERT INTO Celular VALUES('5644428487','ALCATEL','Modelo: 937','No disponible en tu pais');
INSERT INTO Celular VALUES('6416765685','ALCATEL','Modelo: 938','No disponible en tu pais');
INSERT INTO Celular VALUES('7539696248','Sony','Modelo: 939','No disponible en tu pais');
INSERT INTO Celular VALUES('8964548494','Iphone','Modelo: 940','No disponible en tu pais');
INSERT INTO Celular VALUES('8743461647','LG','Modelo: 941','No disponible en tu pais');
INSERT INTO Celular VALUES('3816732156','LG','Modelo: 942','No disponible en tu pais');
INSERT INTO Celular VALUES('6738112276','Iphone','Modelo: 943','No disponible en tu pais');
INSERT INTO Celular VALUES('5738765621','Iphone','Modelo: 944','No disponible en tu pais');
INSERT INTO Celular VALUES('7433443236','ALCATEL','Modelo: 945','No disponible en tu pais');
INSERT INTO Celular VALUES('9227187714','Iphone','Modelo: 946','No disponible en tu pais');
INSERT INTO Celular VALUES('3725925433','LG','Modelo: 947','No disponible en tu pais');
INSERT INTO Celular VALUES('1991458443','Iphone','Modelo: 948','No disponible en tu pais');
INSERT INTO Celular VALUES('5481829851','ALCATEL','Modelo: 949','No disponible en tu pais');
INSERT INTO Celular VALUES('2493596595','ALCATEL','Modelo: 950','No disponible en tu pais');
INSERT INTO Celular VALUES('9284762343','Sony','Modelo: 951','No disponible en tu pais');
INSERT INTO Celular VALUES('9333535315','Iphone','Modelo: 952','No disponible en tu pais');
INSERT INTO Celular VALUES('5862455553','Sony','Modelo: 953','No disponible en tu pais');
INSERT INTO Celular VALUES('3342318383','Iphone','Modelo: 954','No disponible en tu pais');
INSERT INTO Celular VALUES('6532391828','Sony','Modelo: 955','No disponible en tu pais');
INSERT INTO Celular VALUES('9234971437','Iphone','Modelo: 956','No disponible en tu pais');
INSERT INTO Celular VALUES('1918878611','ALCATEL','Modelo: 957','No disponible en tu pais');
INSERT INTO Celular VALUES('9321146177','LG','Modelo: 958','No disponible en tu pais');
INSERT INTO Celular VALUES('3613795553','ALCATEL','Modelo: 959','No disponible en tu pais');
INSERT INTO Celular VALUES('3365757569','Iphone','Modelo: 960','No disponible en tu pais');
INSERT INTO Celular VALUES('4939262681','Iphone','Modelo: 961','No disponible en tu pais');
INSERT INTO Celular VALUES('4128736787','LG','Modelo: 962','No disponible en tu pais');
INSERT INTO Celular VALUES('9696551631','ALCATEL','Modelo: 963','No disponible en tu pais');
INSERT INTO Celular VALUES('4649278321','LG','Modelo: 964','No disponible en tu pais');
INSERT INTO Celular VALUES('4388597579','ALCATEL','Modelo: 965','No disponible en tu pais');
INSERT INTO Celular VALUES('9316632797','Iphone','Modelo: 966','No disponible en tu pais');
INSERT INTO Celular VALUES('9555675934','Sony','Modelo: 967','No disponible en tu pais');
INSERT INTO Celular VALUES('1234542114','Sony','Modelo: 968','No disponible en tu pais');
INSERT INTO Celular VALUES('2115673654','LG','Modelo: 969','No disponible en tu pais');
INSERT INTO Celular VALUES('4319564686','ALCATEL','Modelo: 970','No disponible en tu pais');
INSERT INTO Celular VALUES('5831863392','Sony','Modelo: 971','No disponible en tu pais');
INSERT INTO Celular VALUES('1426371482','Sony','Modelo: 972','No disponible en tu pais');
INSERT INTO Celular VALUES('5628151535','ALCATEL','Modelo: 973','No disponible en tu pais');
INSERT INTO Celular VALUES('9257553884','ALCATEL','Modelo: 974','No disponible en tu pais');
INSERT INTO Celular VALUES('8825969782','ALCATEL','Modelo: 975','No disponible en tu pais');
INSERT INTO Celular VALUES('5445894198','LG','Modelo: 976','No disponible en tu pais');
INSERT INTO Celular VALUES('1649255446','Iphone','Modelo: 977','No disponible en tu pais');
INSERT INTO Celular VALUES('4972156194','ALCATEL','Modelo: 978','No disponible en tu pais');
INSERT INTO Celular VALUES('4538116985','ALCATEL','Modelo: 979','No disponible en tu pais');
INSERT INTO Celular VALUES('7417747519','LG','Modelo: 980','No disponible en tu pais');
INSERT INTO Celular VALUES('4448973586','ALCATEL','Modelo: 981','No disponible en tu pais');
INSERT INTO Celular VALUES('2288195883','Sony','Modelo: 982','No disponible en tu pais');
INSERT INTO Celular VALUES('1871864717','ALCATEL','Modelo: 983','No disponible en tu pais');
INSERT INTO Celular VALUES('5362283694','ALCATEL','Modelo: 984','No disponible en tu pais');
INSERT INTO Celular VALUES('4158757838','LG','Modelo: 985','No disponible en tu pais');
INSERT INTO Celular VALUES('1172121588','ALCATEL','Modelo: 986','No disponible en tu pais');
INSERT INTO Celular VALUES('5935432381','Sony','Modelo: 987','No disponible en tu pais');
INSERT INTO Celular VALUES('1619269311','Iphone','Modelo: 988','No disponible en tu pais');
INSERT INTO Celular VALUES('1667995727','Sony','Modelo: 989','No disponible en tu pais');
INSERT INTO Celular VALUES('2179865616','Sony','Modelo: 990','No disponible en tu pais');
INSERT INTO Celular VALUES('5558593139','ALCATEL','Modelo: 991','No disponible en tu pais');
INSERT INTO Celular VALUES('4993481765','Iphone','Modelo: 992','No disponible en tu pais');
INSERT INTO Celular VALUES('4851297919','LG','Modelo: 993','No disponible en tu pais');
INSERT INTO Celular VALUES('6665265462','Iphone','Modelo: 994','No disponible en tu pais');
INSERT INTO Celular VALUES('2335346522','ALCATEL','Modelo: 995','No disponible en tu pais');
INSERT INTO Celular VALUES('4412439378','ALCATEL','Modelo: 996','No disponible en tu pais');
INSERT INTO Celular VALUES('2439597694','Iphone','Modelo: 997','No disponible en tu pais');
INSERT INTO Celular VALUES('3977182773','Iphone','Modelo: 998','No disponible en tu pais');
INSERT INTO Celular VALUES('1188223878','Sony','Modelo: 999','No disponible en tu pais');

--servicios
INSERT INTO Servicio(descripcion) VALUES('Servicio sencillo con 0 MB de internet');
INSERT INTO Servicio(descripcion) VALUES('Servicio sencillo con 1 MB de internet');
INSERT INTO Servicio(descripcion) VALUES('Servicio sencillo con 2 MB de internet');
INSERT INTO Servicio(descripcion) VALUES('Servicio sencillo con 3 MB de internet');
INSERT INTO Servicio(descripcion) VALUES('Servicio sencillo con 4 MB de internet');
INSERT INTO Servicio(descripcion) VALUES('Servicio sencillo con 5 MB de internet');
INSERT INTO Servicio(descripcion) VALUES('Servicio sencillo con 6 MB de internet');
INSERT INTO Servicio(descripcion) VALUES('Servicio sencillo con 7 MB de internet');
INSERT INTO Servicio(descripcion) VALUES('Servicio sencillo con 8 MB de internet');
INSERT INTO Servicio(descripcion) VALUES('Servicio sencillo con 9 MB de internet');
INSERT INTO Servicio(descripcion) VALUES('Servicio sencillo con 10 MB de internet');
INSERT INTO Servicio(descripcion) VALUES('Servicio sencillo con 11 MB de internet');
INSERT INTO Servicio(descripcion) VALUES('Servicio sencillo con 12 MB de internet');
INSERT INTO Servicio(descripcion) VALUES('Servicio sencillo con 13 MB de internet');
INSERT INTO Servicio(descripcion) VALUES('Servicio sencillo con 14 MB de internet');
INSERT INTO Servicio(descripcion) VALUES('Servicio sencillo con 15 MB de internet');
INSERT INTO Servicio(descripcion) VALUES('Servicio sencillo con 16 MB de internet');
INSERT INTO Servicio(descripcion) VALUES('Servicio sencillo con 17 MB de internet');
INSERT INTO Servicio(descripcion) VALUES('Servicio sencillo con 18 MB de internet');
INSERT INTO Servicio(descripcion) VALUES('Servicio sencillo con 19 MB de internet');
INSERT INTO Servicio(descripcion) VALUES('Servicio sencillo con 20 MB de internet');
INSERT INTO Servicio(descripcion) VALUES('Servicio sencillo con 21 MB de internet');
INSERT INTO Servicio(descripcion) VALUES('Servicio sencillo con 22 MB de internet');
INSERT INTO Servicio(descripcion) VALUES('Servicio sencillo con 23 MB de internet');
INSERT INTO Servicio(descripcion) VALUES('Servicio sencillo con 24 MB de internet');
INSERT INTO Servicio(descripcion) VALUES('Servicio sencillo con 25 MB de internet');
INSERT INTO Servicio(descripcion) VALUES('Servicio sencillo con 26 MB de internet');
INSERT INTO Servicio(descripcion) VALUES('Servicio sencillo con 27 MB de internet');
INSERT INTO Servicio(descripcion) VALUES('Servicio sencillo con 28 MB de internet');
INSERT INTO Servicio(descripcion) VALUES('Servicio sencillo con 29 MB de internet');
INSERT INTO Servicio(descripcion) VALUES('Servicio sencillo con 30 MB de internet');
INSERT INTO Servicio(descripcion) VALUES('Servicio sencillo con 31 MB de internet');
INSERT INTO Servicio(descripcion) VALUES('Servicio sencillo con 32 MB de internet');
INSERT INTO Servicio(descripcion) VALUES('Servicio sencillo con 33 MB de internet');
INSERT INTO Servicio(descripcion) VALUES('Servicio sencillo con 34 MB de internet');
INSERT INTO Servicio(descripcion) VALUES('Servicio sencillo con 35 MB de internet');
INSERT INTO Servicio(descripcion) VALUES('Servicio sencillo con 36 MB de internet');
INSERT INTO Servicio(descripcion) VALUES('Servicio sencillo con 37 MB de internet');
INSERT INTO Servicio(descripcion) VALUES('Servicio sencillo con 38 MB de internet');
INSERT INTO Servicio(descripcion) VALUES('Servicio sencillo con 39 MB de internet');
INSERT INTO Servicio(descripcion) VALUES('Servicio sencillo con 40 MB de internet');
INSERT INTO Servicio(descripcion) VALUES('Servicio sencillo con 41 MB de internet');
INSERT INTO Servicio(descripcion) VALUES('Servicio sencillo con 42 MB de internet');
INSERT INTO Servicio(descripcion) VALUES('Servicio sencillo con 43 MB de internet');
INSERT INTO Servicio(descripcion) VALUES('Servicio sencillo con 44 MB de internet');
INSERT INTO Servicio(descripcion) VALUES('Servicio sencillo con 45 MB de internet');
INSERT INTO Servicio(descripcion) VALUES('Servicio sencillo con 46 MB de internet');
INSERT INTO Servicio(descripcion) VALUES('Servicio sencillo con 47 MB de internet');
INSERT INTO Servicio(descripcion) VALUES('Servicio sencillo con 48 MB de internet');
INSERT INTO Servicio(descripcion) VALUES('Servicio sencillo con 49 MB de internet');
INSERT INTO Servicio(descripcion) VALUES('Servicio sencillo con 50 MB de internet');
INSERT INTO Servicio(descripcion) VALUES('Servicio sencillo con 51 MB de internet');
INSERT INTO Servicio(descripcion) VALUES('Servicio sencillo con 52 MB de internet');
INSERT INTO Servicio(descripcion) VALUES('Servicio sencillo con 53 MB de internet');
INSERT INTO Servicio(descripcion) VALUES('Servicio sencillo con 54 MB de internet');
INSERT INTO Servicio(descripcion) VALUES('Servicio sencillo con 55 MB de internet');
INSERT INTO Servicio(descripcion) VALUES('Servicio sencillo con 56 MB de internet');
INSERT INTO Servicio(descripcion) VALUES('Servicio sencillo con 57 MB de internet');
INSERT INTO Servicio(descripcion) VALUES('Servicio sencillo con 58 MB de internet');
INSERT INTO Servicio(descripcion) VALUES('Servicio sencillo con 59 MB de internet');
INSERT INTO Servicio(descripcion) VALUES('Servicio sencillo con 60 MB de internet');
INSERT INTO Servicio(descripcion) VALUES('Servicio sencillo con 61 MB de internet');
INSERT INTO Servicio(descripcion) VALUES('Servicio sencillo con 62 MB de internet');
INSERT INTO Servicio(descripcion) VALUES('Servicio sencillo con 63 MB de internet');
INSERT INTO Servicio(descripcion) VALUES('Servicio sencillo con 64 MB de internet');
INSERT INTO Servicio(descripcion) VALUES('Servicio sencillo con 65 MB de internet');
INSERT INTO Servicio(descripcion) VALUES('Servicio sencillo con 66 MB de internet');
INSERT INTO Servicio(descripcion) VALUES('Servicio sencillo con 67 MB de internet');
INSERT INTO Servicio(descripcion) VALUES('Servicio sencillo con 68 MB de internet');
INSERT INTO Servicio(descripcion) VALUES('Servicio sencillo con 69 MB de internet');
INSERT INTO Servicio(descripcion) VALUES('Servicio sencillo con 70 MB de internet');
INSERT INTO Servicio(descripcion) VALUES('Servicio sencillo con 71 MB de internet');
INSERT INTO Servicio(descripcion) VALUES('Servicio sencillo con 72 MB de internet');
INSERT INTO Servicio(descripcion) VALUES('Servicio sencillo con 73 MB de internet');
INSERT INTO Servicio(descripcion) VALUES('Servicio sencillo con 74 MB de internet');
INSERT INTO Servicio(descripcion) VALUES('Servicio sencillo con 75 MB de internet');
INSERT INTO Servicio(descripcion) VALUES('Servicio sencillo con 76 MB de internet');
INSERT INTO Servicio(descripcion) VALUES('Servicio sencillo con 77 MB de internet');
INSERT INTO Servicio(descripcion) VALUES('Servicio sencillo con 78 MB de internet');
INSERT INTO Servicio(descripcion) VALUES('Servicio sencillo con 79 MB de internet');
INSERT INTO Servicio(descripcion) VALUES('Servicio sencillo con 80 MB de internet');
INSERT INTO Servicio(descripcion) VALUES('Servicio sencillo con 81 MB de internet');
INSERT INTO Servicio(descripcion) VALUES('Servicio sencillo con 82 MB de internet');
INSERT INTO Servicio(descripcion) VALUES('Servicio sencillo con 83 MB de internet');
INSERT INTO Servicio(descripcion) VALUES('Servicio sencillo con 84 MB de internet');
INSERT INTO Servicio(descripcion) VALUES('Servicio sencillo con 85 MB de internet');
INSERT INTO Servicio(descripcion) VALUES('Servicio sencillo con 86 MB de internet');
INSERT INTO Servicio(descripcion) VALUES('Servicio sencillo con 87 MB de internet');
INSERT INTO Servicio(descripcion) VALUES('Servicio sencillo con 88 MB de internet');
INSERT INTO Servicio(descripcion) VALUES('Servicio sencillo con 89 MB de internet');
INSERT INTO Servicio(descripcion) VALUES('Servicio sencillo con 90 MB de internet');
INSERT INTO Servicio(descripcion) VALUES('Servicio sencillo con 91 MB de internet');
INSERT INTO Servicio(descripcion) VALUES('Servicio sencillo con 92 MB de internet');
INSERT INTO Servicio(descripcion) VALUES('Servicio sencillo con 93 MB de internet');
INSERT INTO Servicio(descripcion) VALUES('Servicio sencillo con 94 MB de internet');
INSERT INTO Servicio(descripcion) VALUES('Servicio sencillo con 95 MB de internet');
INSERT INTO Servicio(descripcion) VALUES('Servicio sencillo con 96 MB de internet');
INSERT INTO Servicio(descripcion) VALUES('Servicio sencillo con 97 MB de internet');
INSERT INTO Servicio(descripcion) VALUES('Servicio sencillo con 98 MB de internet');
INSERT INTO Servicio(descripcion) VALUES('Servicio sencillo con 99 MB de internet');
INSERT INTO Servicio(descripcion) VALUES('Servicio sencillo con 100 MB de internet');
INSERT INTO Servicio(descripcion) VALUES('Servicio sencillo con 101 MB de internet');
INSERT INTO Servicio(descripcion) VALUES('Servicio sencillo con 102 MB de internet');
INSERT INTO Servicio(descripcion) VALUES('Servicio sencillo con 103 MB de internet');
INSERT INTO Servicio(descripcion) VALUES('Servicio sencillo con 104 MB de internet');
INSERT INTO Servicio(descripcion) VALUES('Servicio sencillo con 105 MB de internet');
INSERT INTO Servicio(descripcion) VALUES('Servicio sencillo con 106 MB de internet');
INSERT INTO Servicio(descripcion) VALUES('Servicio sencillo con 107 MB de internet');
INSERT INTO Servicio(descripcion) VALUES('Servicio sencillo con 108 MB de internet');
INSERT INTO Servicio(descripcion) VALUES('Servicio sencillo con 109 MB de internet');
INSERT INTO Servicio(descripcion) VALUES('Servicio sencillo con 110 MB de internet');
INSERT INTO Servicio(descripcion) VALUES('Servicio sencillo con 111 MB de internet');
INSERT INTO Servicio(descripcion) VALUES('Servicio sencillo con 112 MB de internet');
INSERT INTO Servicio(descripcion) VALUES('Servicio sencillo con 113 MB de internet');
INSERT INTO Servicio(descripcion) VALUES('Servicio sencillo con 114 MB de internet');
INSERT INTO Servicio(descripcion) VALUES('Servicio sencillo con 115 MB de internet');
INSERT INTO Servicio(descripcion) VALUES('Servicio sencillo con 116 MB de internet');
INSERT INTO Servicio(descripcion) VALUES('Servicio sencillo con 117 MB de internet');
INSERT INTO Servicio(descripcion) VALUES('Servicio sencillo con 118 MB de internet');
INSERT INTO Servicio(descripcion) VALUES('Servicio sencillo con 119 MB de internet');
INSERT INTO Servicio(descripcion) VALUES('Servicio sencillo con 120 MB de internet');
INSERT INTO Servicio(descripcion) VALUES('Servicio sencillo con 121 MB de internet');
INSERT INTO Servicio(descripcion) VALUES('Servicio sencillo con 122 MB de internet');
INSERT INTO Servicio(descripcion) VALUES('Servicio sencillo con 123 MB de internet');
INSERT INTO Servicio(descripcion) VALUES('Servicio sencillo con 124 MB de internet');
INSERT INTO Servicio(descripcion) VALUES('Servicio sencillo con 125 MB de internet');
INSERT INTO Servicio(descripcion) VALUES('Servicio sencillo con 126 MB de internet');
INSERT INTO Servicio(descripcion) VALUES('Servicio sencillo con 127 MB de internet');
INSERT INTO Servicio(descripcion) VALUES('Servicio sencillo con 128 MB de internet');
INSERT INTO Servicio(descripcion) VALUES('Servicio sencillo con 129 MB de internet');
INSERT INTO Servicio(descripcion) VALUES('Servicio sencillo con 130 MB de internet');
INSERT INTO Servicio(descripcion) VALUES('Servicio sencillo con 131 MB de internet');
INSERT INTO Servicio(descripcion) VALUES('Servicio sencillo con 132 MB de internet');
INSERT INTO Servicio(descripcion) VALUES('Servicio sencillo con 133 MB de internet');
INSERT INTO Servicio(descripcion) VALUES('Servicio sencillo con 134 MB de internet');
INSERT INTO Servicio(descripcion) VALUES('Servicio sencillo con 135 MB de internet');
INSERT INTO Servicio(descripcion) VALUES('Servicio sencillo con 136 MB de internet');
INSERT INTO Servicio(descripcion) VALUES('Servicio sencillo con 137 MB de internet');
INSERT INTO Servicio(descripcion) VALUES('Servicio sencillo con 138 MB de internet');
INSERT INTO Servicio(descripcion) VALUES('Servicio sencillo con 139 MB de internet');
INSERT INTO Servicio(descripcion) VALUES('Servicio sencillo con 140 MB de internet');
INSERT INTO Servicio(descripcion) VALUES('Servicio sencillo con 141 MB de internet');
INSERT INTO Servicio(descripcion) VALUES('Servicio sencillo con 142 MB de internet');
INSERT INTO Servicio(descripcion) VALUES('Servicio sencillo con 143 MB de internet');
INSERT INTO Servicio(descripcion) VALUES('Servicio sencillo con 144 MB de internet');
INSERT INTO Servicio(descripcion) VALUES('Servicio sencillo con 145 MB de internet');
INSERT INTO Servicio(descripcion) VALUES('Servicio sencillo con 146 MB de internet');
INSERT INTO Servicio(descripcion) VALUES('Servicio sencillo con 147 MB de internet');
INSERT INTO Servicio(descripcion) VALUES('Servicio sencillo con 148 MB de internet');
INSERT INTO Servicio(descripcion) VALUES('Servicio sencillo con 149 MB de internet');
INSERT INTO Servicio(descripcion) VALUES('Servicio sencillo con 150 MB de internet');
INSERT INTO Servicio(descripcion) VALUES('Servicio sencillo con 151 MB de internet');
INSERT INTO Servicio(descripcion) VALUES('Servicio sencillo con 152 MB de internet');
INSERT INTO Servicio(descripcion) VALUES('Servicio sencillo con 153 MB de internet');
INSERT INTO Servicio(descripcion) VALUES('Servicio sencillo con 154 MB de internet');
INSERT INTO Servicio(descripcion) VALUES('Servicio sencillo con 155 MB de internet');
INSERT INTO Servicio(descripcion) VALUES('Servicio sencillo con 156 MB de internet');
INSERT INTO Servicio(descripcion) VALUES('Servicio sencillo con 157 MB de internet');
INSERT INTO Servicio(descripcion) VALUES('Servicio sencillo con 158 MB de internet');
INSERT INTO Servicio(descripcion) VALUES('Servicio sencillo con 159 MB de internet');
INSERT INTO Servicio(descripcion) VALUES('Servicio sencillo con 160 MB de internet');
INSERT INTO Servicio(descripcion) VALUES('Servicio sencillo con 161 MB de internet');
INSERT INTO Servicio(descripcion) VALUES('Servicio sencillo con 162 MB de internet');
INSERT INTO Servicio(descripcion) VALUES('Servicio sencillo con 163 MB de internet');
INSERT INTO Servicio(descripcion) VALUES('Servicio sencillo con 164 MB de internet');
INSERT INTO Servicio(descripcion) VALUES('Servicio sencillo con 165 MB de internet');
INSERT INTO Servicio(descripcion) VALUES('Servicio sencillo con 166 MB de internet');
INSERT INTO Servicio(descripcion) VALUES('Servicio sencillo con 167 MB de internet');
INSERT INTO Servicio(descripcion) VALUES('Servicio sencillo con 168 MB de internet');
INSERT INTO Servicio(descripcion) VALUES('Servicio sencillo con 169 MB de internet');
INSERT INTO Servicio(descripcion) VALUES('Servicio sencillo con 170 MB de internet');
INSERT INTO Servicio(descripcion) VALUES('Servicio sencillo con 171 MB de internet');
INSERT INTO Servicio(descripcion) VALUES('Servicio sencillo con 172 MB de internet');
INSERT INTO Servicio(descripcion) VALUES('Servicio sencillo con 173 MB de internet');
INSERT INTO Servicio(descripcion) VALUES('Servicio sencillo con 174 MB de internet');
INSERT INTO Servicio(descripcion) VALUES('Servicio sencillo con 175 MB de internet');
INSERT INTO Servicio(descripcion) VALUES('Servicio sencillo con 176 MB de internet');
INSERT INTO Servicio(descripcion) VALUES('Servicio sencillo con 177 MB de internet');
INSERT INTO Servicio(descripcion) VALUES('Servicio sencillo con 178 MB de internet');
INSERT INTO Servicio(descripcion) VALUES('Servicio sencillo con 179 MB de internet');
INSERT INTO Servicio(descripcion) VALUES('Servicio sencillo con 180 MB de internet');
INSERT INTO Servicio(descripcion) VALUES('Servicio sencillo con 181 MB de internet');
INSERT INTO Servicio(descripcion) VALUES('Servicio sencillo con 182 MB de internet');
INSERT INTO Servicio(descripcion) VALUES('Servicio sencillo con 183 MB de internet');
INSERT INTO Servicio(descripcion) VALUES('Servicio sencillo con 184 MB de internet');
INSERT INTO Servicio(descripcion) VALUES('Servicio sencillo con 185 MB de internet');
INSERT INTO Servicio(descripcion) VALUES('Servicio sencillo con 186 MB de internet');
INSERT INTO Servicio(descripcion) VALUES('Servicio sencillo con 187 MB de internet');
INSERT INTO Servicio(descripcion) VALUES('Servicio sencillo con 188 MB de internet');
INSERT INTO Servicio(descripcion) VALUES('Servicio sencillo con 189 MB de internet');
INSERT INTO Servicio(descripcion) VALUES('Servicio sencillo con 190 MB de internet');
INSERT INTO Servicio(descripcion) VALUES('Servicio sencillo con 191 MB de internet');
INSERT INTO Servicio(descripcion) VALUES('Servicio sencillo con 192 MB de internet');
INSERT INTO Servicio(descripcion) VALUES('Servicio sencillo con 193 MB de internet');
INSERT INTO Servicio(descripcion) VALUES('Servicio sencillo con 194 MB de internet');
INSERT INTO Servicio(descripcion) VALUES('Servicio sencillo con 195 MB de internet');
INSERT INTO Servicio(descripcion) VALUES('Servicio sencillo con 196 MB de internet');
INSERT INTO Servicio(descripcion) VALUES('Servicio sencillo con 197 MB de internet');
INSERT INTO Servicio(descripcion) VALUES('Servicio sencillo con 198 MB de internet');
INSERT INTO Servicio(descripcion) VALUES('Servicio sencillo con 199 MB de internet');
INSERT INTO Servicio(descripcion) VALUES('Servicio sencillo con 200 MB de internet');
INSERT INTO Servicio(descripcion) VALUES('Servicio sencillo con 201 MB de internet');
INSERT INTO Servicio(descripcion) VALUES('Servicio sencillo con 202 MB de internet');
INSERT INTO Servicio(descripcion) VALUES('Servicio sencillo con 203 MB de internet');
INSERT INTO Servicio(descripcion) VALUES('Servicio sencillo con 204 MB de internet');
INSERT INTO Servicio(descripcion) VALUES('Servicio sencillo con 205 MB de internet');
INSERT INTO Servicio(descripcion) VALUES('Servicio sencillo con 206 MB de internet');
INSERT INTO Servicio(descripcion) VALUES('Servicio sencillo con 207 MB de internet');
INSERT INTO Servicio(descripcion) VALUES('Servicio sencillo con 208 MB de internet');
INSERT INTO Servicio(descripcion) VALUES('Servicio sencillo con 209 MB de internet');
INSERT INTO Servicio(descripcion) VALUES('Servicio sencillo con 210 MB de internet');
INSERT INTO Servicio(descripcion) VALUES('Servicio sencillo con 211 MB de internet');
INSERT INTO Servicio(descripcion) VALUES('Servicio sencillo con 212 MB de internet');
INSERT INTO Servicio(descripcion) VALUES('Servicio sencillo con 213 MB de internet');
INSERT INTO Servicio(descripcion) VALUES('Servicio sencillo con 214 MB de internet');
INSERT INTO Servicio(descripcion) VALUES('Servicio sencillo con 215 MB de internet');
INSERT INTO Servicio(descripcion) VALUES('Servicio sencillo con 216 MB de internet');
INSERT INTO Servicio(descripcion) VALUES('Servicio sencillo con 217 MB de internet');
INSERT INTO Servicio(descripcion) VALUES('Servicio sencillo con 218 MB de internet');
INSERT INTO Servicio(descripcion) VALUES('Servicio sencillo con 219 MB de internet');
INSERT INTO Servicio(descripcion) VALUES('Servicio sencillo con 220 MB de internet');
INSERT INTO Servicio(descripcion) VALUES('Servicio sencillo con 221 MB de internet');
INSERT INTO Servicio(descripcion) VALUES('Servicio sencillo con 222 MB de internet');
INSERT INTO Servicio(descripcion) VALUES('Servicio sencillo con 223 MB de internet');
INSERT INTO Servicio(descripcion) VALUES('Servicio sencillo con 224 MB de internet');
INSERT INTO Servicio(descripcion) VALUES('Servicio sencillo con 225 MB de internet');
INSERT INTO Servicio(descripcion) VALUES('Servicio sencillo con 226 MB de internet');
INSERT INTO Servicio(descripcion) VALUES('Servicio sencillo con 227 MB de internet');
INSERT INTO Servicio(descripcion) VALUES('Servicio sencillo con 228 MB de internet');
INSERT INTO Servicio(descripcion) VALUES('Servicio sencillo con 229 MB de internet');
INSERT INTO Servicio(descripcion) VALUES('Servicio sencillo con 230 MB de internet');
INSERT INTO Servicio(descripcion) VALUES('Servicio sencillo con 231 MB de internet');
INSERT INTO Servicio(descripcion) VALUES('Servicio sencillo con 232 MB de internet');
INSERT INTO Servicio(descripcion) VALUES('Servicio sencillo con 233 MB de internet');
INSERT INTO Servicio(descripcion) VALUES('Servicio sencillo con 234 MB de internet');
INSERT INTO Servicio(descripcion) VALUES('Servicio sencillo con 235 MB de internet');
INSERT INTO Servicio(descripcion) VALUES('Servicio sencillo con 236 MB de internet');
INSERT INTO Servicio(descripcion) VALUES('Servicio sencillo con 237 MB de internet');
INSERT INTO Servicio(descripcion) VALUES('Servicio sencillo con 238 MB de internet');
INSERT INTO Servicio(descripcion) VALUES('Servicio sencillo con 239 MB de internet');
INSERT INTO Servicio(descripcion) VALUES('Servicio sencillo con 240 MB de internet');
INSERT INTO Servicio(descripcion) VALUES('Servicio sencillo con 241 MB de internet');
INSERT INTO Servicio(descripcion) VALUES('Servicio sencillo con 242 MB de internet');
INSERT INTO Servicio(descripcion) VALUES('Servicio sencillo con 243 MB de internet');
INSERT INTO Servicio(descripcion) VALUES('Servicio sencillo con 244 MB de internet');
INSERT INTO Servicio(descripcion) VALUES('Servicio sencillo con 245 MB de internet');
INSERT INTO Servicio(descripcion) VALUES('Servicio sencillo con 246 MB de internet');
INSERT INTO Servicio(descripcion) VALUES('Servicio sencillo con 247 MB de internet');
INSERT INTO Servicio(descripcion) VALUES('Servicio sencillo con 248 MB de internet');
INSERT INTO Servicio(descripcion) VALUES('Servicio sencillo con 249 MB de internet');
INSERT INTO Servicio(descripcion) VALUES('Servicio sencillo con 250 MB de internet');
INSERT INTO Servicio(descripcion) VALUES('Servicio sencillo con 251 MB de internet');
INSERT INTO Servicio(descripcion) VALUES('Servicio sencillo con 252 MB de internet');
INSERT INTO Servicio(descripcion) VALUES('Servicio sencillo con 253 MB de internet');
INSERT INTO Servicio(descripcion) VALUES('Servicio sencillo con 254 MB de internet');
INSERT INTO Servicio(descripcion) VALUES('Servicio sencillo con 255 MB de internet');
INSERT INTO Servicio(descripcion) VALUES('Servicio sencillo con 256 MB de internet');
INSERT INTO Servicio(descripcion) VALUES('Servicio sencillo con 257 MB de internet');
INSERT INTO Servicio(descripcion) VALUES('Servicio sencillo con 258 MB de internet');
INSERT INTO Servicio(descripcion) VALUES('Servicio sencillo con 259 MB de internet');
INSERT INTO Servicio(descripcion) VALUES('Servicio sencillo con 260 MB de internet');
INSERT INTO Servicio(descripcion) VALUES('Servicio sencillo con 261 MB de internet');
INSERT INTO Servicio(descripcion) VALUES('Servicio sencillo con 262 MB de internet');
INSERT INTO Servicio(descripcion) VALUES('Servicio sencillo con 263 MB de internet');
INSERT INTO Servicio(descripcion) VALUES('Servicio sencillo con 264 MB de internet');
INSERT INTO Servicio(descripcion) VALUES('Servicio sencillo con 265 MB de internet');
INSERT INTO Servicio(descripcion) VALUES('Servicio sencillo con 266 MB de internet');
INSERT INTO Servicio(descripcion) VALUES('Servicio sencillo con 267 MB de internet');
INSERT INTO Servicio(descripcion) VALUES('Servicio sencillo con 268 MB de internet');
INSERT INTO Servicio(descripcion) VALUES('Servicio sencillo con 269 MB de internet');
INSERT INTO Servicio(descripcion) VALUES('Servicio sencillo con 270 MB de internet');
INSERT INTO Servicio(descripcion) VALUES('Servicio sencillo con 271 MB de internet');
INSERT INTO Servicio(descripcion) VALUES('Servicio sencillo con 272 MB de internet');
INSERT INTO Servicio(descripcion) VALUES('Servicio sencillo con 273 MB de internet');
INSERT INTO Servicio(descripcion) VALUES('Servicio sencillo con 274 MB de internet');
INSERT INTO Servicio(descripcion) VALUES('Servicio sencillo con 275 MB de internet');
INSERT INTO Servicio(descripcion) VALUES('Servicio sencillo con 276 MB de internet');
INSERT INTO Servicio(descripcion) VALUES('Servicio sencillo con 277 MB de internet');
INSERT INTO Servicio(descripcion) VALUES('Servicio sencillo con 278 MB de internet');
INSERT INTO Servicio(descripcion) VALUES('Servicio sencillo con 279 MB de internet');
INSERT INTO Servicio(descripcion) VALUES('Servicio sencillo con 280 MB de internet');
INSERT INTO Servicio(descripcion) VALUES('Servicio sencillo con 281 MB de internet');
INSERT INTO Servicio(descripcion) VALUES('Servicio sencillo con 282 MB de internet');
INSERT INTO Servicio(descripcion) VALUES('Servicio sencillo con 283 MB de internet');
INSERT INTO Servicio(descripcion) VALUES('Servicio sencillo con 284 MB de internet');
INSERT INTO Servicio(descripcion) VALUES('Servicio sencillo con 285 MB de internet');
INSERT INTO Servicio(descripcion) VALUES('Servicio sencillo con 286 MB de internet');
INSERT INTO Servicio(descripcion) VALUES('Servicio sencillo con 287 MB de internet');
INSERT INTO Servicio(descripcion) VALUES('Servicio sencillo con 288 MB de internet');
INSERT INTO Servicio(descripcion) VALUES('Servicio sencillo con 289 MB de internet');
INSERT INTO Servicio(descripcion) VALUES('Servicio sencillo con 290 MB de internet');
INSERT INTO Servicio(descripcion) VALUES('Servicio sencillo con 291 MB de internet');
INSERT INTO Servicio(descripcion) VALUES('Servicio sencillo con 292 MB de internet');
INSERT INTO Servicio(descripcion) VALUES('Servicio sencillo con 293 MB de internet');
INSERT INTO Servicio(descripcion) VALUES('Servicio sencillo con 294 MB de internet');
INSERT INTO Servicio(descripcion) VALUES('Servicio sencillo con 295 MB de internet');
INSERT INTO Servicio(descripcion) VALUES('Servicio sencillo con 296 MB de internet');
INSERT INTO Servicio(descripcion) VALUES('Servicio sencillo con 297 MB de internet');
INSERT INTO Servicio(descripcion) VALUES('Servicio sencillo con 298 MB de internet');
INSERT INTO Servicio(descripcion) VALUES('Servicio sencillo con 299 MB de internet');
INSERT INTO Servicio(descripcion) VALUES('Servicio sencillo con 300 MB de internet');
INSERT INTO Servicio(descripcion) VALUES('Servicio sencillo con 301 MB de internet');
INSERT INTO Servicio(descripcion) VALUES('Servicio sencillo con 302 MB de internet');
INSERT INTO Servicio(descripcion) VALUES('Servicio sencillo con 303 MB de internet');
INSERT INTO Servicio(descripcion) VALUES('Servicio sencillo con 304 MB de internet');
INSERT INTO Servicio(descripcion) VALUES('Servicio sencillo con 305 MB de internet');
INSERT INTO Servicio(descripcion) VALUES('Servicio sencillo con 306 MB de internet');
INSERT INTO Servicio(descripcion) VALUES('Servicio sencillo con 307 MB de internet');
INSERT INTO Servicio(descripcion) VALUES('Servicio sencillo con 308 MB de internet');
INSERT INTO Servicio(descripcion) VALUES('Servicio sencillo con 309 MB de internet');
INSERT INTO Servicio(descripcion) VALUES('Servicio sencillo con 310 MB de internet');
INSERT INTO Servicio(descripcion) VALUES('Servicio sencillo con 311 MB de internet');
INSERT INTO Servicio(descripcion) VALUES('Servicio sencillo con 312 MB de internet');
INSERT INTO Servicio(descripcion) VALUES('Servicio sencillo con 313 MB de internet');
INSERT INTO Servicio(descripcion) VALUES('Servicio sencillo con 314 MB de internet');
INSERT INTO Servicio(descripcion) VALUES('Servicio sencillo con 315 MB de internet');
INSERT INTO Servicio(descripcion) VALUES('Servicio sencillo con 316 MB de internet');
INSERT INTO Servicio(descripcion) VALUES('Servicio sencillo con 317 MB de internet');
INSERT INTO Servicio(descripcion) VALUES('Servicio sencillo con 318 MB de internet');
INSERT INTO Servicio(descripcion) VALUES('Servicio sencillo con 319 MB de internet');
INSERT INTO Servicio(descripcion) VALUES('Servicio sencillo con 320 MB de internet');
INSERT INTO Servicio(descripcion) VALUES('Servicio sencillo con 321 MB de internet');
INSERT INTO Servicio(descripcion) VALUES('Servicio sencillo con 322 MB de internet');
INSERT INTO Servicio(descripcion) VALUES('Servicio sencillo con 323 MB de internet');
INSERT INTO Servicio(descripcion) VALUES('Servicio sencillo con 324 MB de internet');
INSERT INTO Servicio(descripcion) VALUES('Servicio sencillo con 325 MB de internet');
INSERT INTO Servicio(descripcion) VALUES('Servicio sencillo con 326 MB de internet');
INSERT INTO Servicio(descripcion) VALUES('Servicio sencillo con 327 MB de internet');
INSERT INTO Servicio(descripcion) VALUES('Servicio sencillo con 328 MB de internet');
INSERT INTO Servicio(descripcion) VALUES('Servicio sencillo con 329 MB de internet');
INSERT INTO Servicio(descripcion) VALUES('Servicio sencillo con 330 MB de internet');
INSERT INTO Servicio(descripcion) VALUES('Servicio sencillo con 331 MB de internet');
INSERT INTO Servicio(descripcion) VALUES('Servicio sencillo con 332 MB de internet');
INSERT INTO Servicio(descripcion) VALUES('Servicio sencillo con 333 MB de internet');
INSERT INTO Servicio(descripcion) VALUES('Servicio sencillo con 334 MB de internet');
INSERT INTO Servicio(descripcion) VALUES('Servicio sencillo con 335 MB de internet');
INSERT INTO Servicio(descripcion) VALUES('Servicio sencillo con 336 MB de internet');
INSERT INTO Servicio(descripcion) VALUES('Servicio sencillo con 337 MB de internet');
INSERT INTO Servicio(descripcion) VALUES('Servicio sencillo con 338 MB de internet');
INSERT INTO Servicio(descripcion) VALUES('Servicio sencillo con 339 MB de internet');
INSERT INTO Servicio(descripcion) VALUES('Servicio sencillo con 340 MB de internet');
INSERT INTO Servicio(descripcion) VALUES('Servicio sencillo con 341 MB de internet');
INSERT INTO Servicio(descripcion) VALUES('Servicio sencillo con 342 MB de internet');
INSERT INTO Servicio(descripcion) VALUES('Servicio sencillo con 343 MB de internet');
INSERT INTO Servicio(descripcion) VALUES('Servicio sencillo con 344 MB de internet');
INSERT INTO Servicio(descripcion) VALUES('Servicio sencillo con 345 MB de internet');
INSERT INTO Servicio(descripcion) VALUES('Servicio sencillo con 346 MB de internet');
INSERT INTO Servicio(descripcion) VALUES('Servicio sencillo con 347 MB de internet');
INSERT INTO Servicio(descripcion) VALUES('Servicio sencillo con 348 MB de internet');
INSERT INTO Servicio(descripcion) VALUES('Servicio sencillo con 349 MB de internet');
INSERT INTO Servicio(descripcion) VALUES('Servicio sencillo con 350 MB de internet');
INSERT INTO Servicio(descripcion) VALUES('Servicio sencillo con 351 MB de internet');
INSERT INTO Servicio(descripcion) VALUES('Servicio sencillo con 352 MB de internet');
INSERT INTO Servicio(descripcion) VALUES('Servicio sencillo con 353 MB de internet');
INSERT INTO Servicio(descripcion) VALUES('Servicio sencillo con 354 MB de internet');
INSERT INTO Servicio(descripcion) VALUES('Servicio sencillo con 355 MB de internet');
INSERT INTO Servicio(descripcion) VALUES('Servicio sencillo con 356 MB de internet');
INSERT INTO Servicio(descripcion) VALUES('Servicio sencillo con 357 MB de internet');
INSERT INTO Servicio(descripcion) VALUES('Servicio sencillo con 358 MB de internet');
INSERT INTO Servicio(descripcion) VALUES('Servicio sencillo con 359 MB de internet');
INSERT INTO Servicio(descripcion) VALUES('Servicio sencillo con 360 MB de internet');
INSERT INTO Servicio(descripcion) VALUES('Servicio sencillo con 361 MB de internet');
INSERT INTO Servicio(descripcion) VALUES('Servicio sencillo con 362 MB de internet');
INSERT INTO Servicio(descripcion) VALUES('Servicio sencillo con 363 MB de internet');
INSERT INTO Servicio(descripcion) VALUES('Servicio sencillo con 364 MB de internet');
INSERT INTO Servicio(descripcion) VALUES('Servicio sencillo con 365 MB de internet');
INSERT INTO Servicio(descripcion) VALUES('Servicio sencillo con 366 MB de internet');
INSERT INTO Servicio(descripcion) VALUES('Servicio sencillo con 367 MB de internet');
INSERT INTO Servicio(descripcion) VALUES('Servicio sencillo con 368 MB de internet');
INSERT INTO Servicio(descripcion) VALUES('Servicio sencillo con 369 MB de internet');
INSERT INTO Servicio(descripcion) VALUES('Servicio sencillo con 370 MB de internet');
INSERT INTO Servicio(descripcion) VALUES('Servicio sencillo con 371 MB de internet');
INSERT INTO Servicio(descripcion) VALUES('Servicio sencillo con 372 MB de internet');
INSERT INTO Servicio(descripcion) VALUES('Servicio sencillo con 373 MB de internet');
INSERT INTO Servicio(descripcion) VALUES('Servicio sencillo con 374 MB de internet');
INSERT INTO Servicio(descripcion) VALUES('Servicio sencillo con 375 MB de internet');
INSERT INTO Servicio(descripcion) VALUES('Servicio sencillo con 376 MB de internet');
INSERT INTO Servicio(descripcion) VALUES('Servicio sencillo con 377 MB de internet');
INSERT INTO Servicio(descripcion) VALUES('Servicio sencillo con 378 MB de internet');
INSERT INTO Servicio(descripcion) VALUES('Servicio sencillo con 379 MB de internet');
INSERT INTO Servicio(descripcion) VALUES('Servicio sencillo con 380 MB de internet');
INSERT INTO Servicio(descripcion) VALUES('Servicio sencillo con 381 MB de internet');
INSERT INTO Servicio(descripcion) VALUES('Servicio sencillo con 382 MB de internet');
INSERT INTO Servicio(descripcion) VALUES('Servicio sencillo con 383 MB de internet');
INSERT INTO Servicio(descripcion) VALUES('Servicio sencillo con 384 MB de internet');
INSERT INTO Servicio(descripcion) VALUES('Servicio sencillo con 385 MB de internet');
INSERT INTO Servicio(descripcion) VALUES('Servicio sencillo con 386 MB de internet');
INSERT INTO Servicio(descripcion) VALUES('Servicio sencillo con 387 MB de internet');
INSERT INTO Servicio(descripcion) VALUES('Servicio sencillo con 388 MB de internet');
INSERT INTO Servicio(descripcion) VALUES('Servicio sencillo con 389 MB de internet');
INSERT INTO Servicio(descripcion) VALUES('Servicio sencillo con 390 MB de internet');
INSERT INTO Servicio(descripcion) VALUES('Servicio sencillo con 391 MB de internet');
INSERT INTO Servicio(descripcion) VALUES('Servicio sencillo con 392 MB de internet');
INSERT INTO Servicio(descripcion) VALUES('Servicio sencillo con 393 MB de internet');
INSERT INTO Servicio(descripcion) VALUES('Servicio sencillo con 394 MB de internet');
INSERT INTO Servicio(descripcion) VALUES('Servicio sencillo con 395 MB de internet');
INSERT INTO Servicio(descripcion) VALUES('Servicio sencillo con 396 MB de internet');
INSERT INTO Servicio(descripcion) VALUES('Servicio sencillo con 397 MB de internet');
INSERT INTO Servicio(descripcion) VALUES('Servicio sencillo con 398 MB de internet');
INSERT INTO Servicio(descripcion) VALUES('Servicio sencillo con 399 MB de internet');
INSERT INTO Servicio(descripcion) VALUES('Servicio sencillo con 400 MB de internet');
INSERT INTO Servicio(descripcion) VALUES('Servicio sencillo con 401 MB de internet');
INSERT INTO Servicio(descripcion) VALUES('Servicio sencillo con 402 MB de internet');
INSERT INTO Servicio(descripcion) VALUES('Servicio sencillo con 403 MB de internet');
INSERT INTO Servicio(descripcion) VALUES('Servicio sencillo con 404 MB de internet');
INSERT INTO Servicio(descripcion) VALUES('Servicio sencillo con 405 MB de internet');
INSERT INTO Servicio(descripcion) VALUES('Servicio sencillo con 406 MB de internet');
INSERT INTO Servicio(descripcion) VALUES('Servicio sencillo con 407 MB de internet');
INSERT INTO Servicio(descripcion) VALUES('Servicio sencillo con 408 MB de internet');
INSERT INTO Servicio(descripcion) VALUES('Servicio sencillo con 409 MB de internet');
INSERT INTO Servicio(descripcion) VALUES('Servicio sencillo con 410 MB de internet');
INSERT INTO Servicio(descripcion) VALUES('Servicio sencillo con 411 MB de internet');
INSERT INTO Servicio(descripcion) VALUES('Servicio sencillo con 412 MB de internet');
INSERT INTO Servicio(descripcion) VALUES('Servicio sencillo con 413 MB de internet');
INSERT INTO Servicio(descripcion) VALUES('Servicio sencillo con 414 MB de internet');
INSERT INTO Servicio(descripcion) VALUES('Servicio sencillo con 415 MB de internet');
INSERT INTO Servicio(descripcion) VALUES('Servicio sencillo con 416 MB de internet');
INSERT INTO Servicio(descripcion) VALUES('Servicio sencillo con 417 MB de internet');
INSERT INTO Servicio(descripcion) VALUES('Servicio sencillo con 418 MB de internet');
INSERT INTO Servicio(descripcion) VALUES('Servicio sencillo con 419 MB de internet');
INSERT INTO Servicio(descripcion) VALUES('Servicio sencillo con 420 MB de internet');
INSERT INTO Servicio(descripcion) VALUES('Servicio sencillo con 421 MB de internet');
INSERT INTO Servicio(descripcion) VALUES('Servicio sencillo con 422 MB de internet');
INSERT INTO Servicio(descripcion) VALUES('Servicio sencillo con 423 MB de internet');
INSERT INTO Servicio(descripcion) VALUES('Servicio sencillo con 424 MB de internet');
INSERT INTO Servicio(descripcion) VALUES('Servicio sencillo con 425 MB de internet');
INSERT INTO Servicio(descripcion) VALUES('Servicio sencillo con 426 MB de internet');
INSERT INTO Servicio(descripcion) VALUES('Servicio sencillo con 427 MB de internet');
INSERT INTO Servicio(descripcion) VALUES('Servicio sencillo con 428 MB de internet');
INSERT INTO Servicio(descripcion) VALUES('Servicio sencillo con 429 MB de internet');
INSERT INTO Servicio(descripcion) VALUES('Servicio sencillo con 430 MB de internet');
INSERT INTO Servicio(descripcion) VALUES('Servicio sencillo con 431 MB de internet');
INSERT INTO Servicio(descripcion) VALUES('Servicio sencillo con 432 MB de internet');
INSERT INTO Servicio(descripcion) VALUES('Servicio sencillo con 433 MB de internet');
INSERT INTO Servicio(descripcion) VALUES('Servicio sencillo con 434 MB de internet');
INSERT INTO Servicio(descripcion) VALUES('Servicio sencillo con 435 MB de internet');
INSERT INTO Servicio(descripcion) VALUES('Servicio sencillo con 436 MB de internet');
INSERT INTO Servicio(descripcion) VALUES('Servicio sencillo con 437 MB de internet');
INSERT INTO Servicio(descripcion) VALUES('Servicio sencillo con 438 MB de internet');
INSERT INTO Servicio(descripcion) VALUES('Servicio sencillo con 439 MB de internet');
INSERT INTO Servicio(descripcion) VALUES('Servicio sencillo con 440 MB de internet');
INSERT INTO Servicio(descripcion) VALUES('Servicio sencillo con 441 MB de internet');
INSERT INTO Servicio(descripcion) VALUES('Servicio sencillo con 442 MB de internet');
INSERT INTO Servicio(descripcion) VALUES('Servicio sencillo con 443 MB de internet');
INSERT INTO Servicio(descripcion) VALUES('Servicio sencillo con 444 MB de internet');
INSERT INTO Servicio(descripcion) VALUES('Servicio sencillo con 445 MB de internet');
INSERT INTO Servicio(descripcion) VALUES('Servicio sencillo con 446 MB de internet');
INSERT INTO Servicio(descripcion) VALUES('Servicio sencillo con 447 MB de internet');
INSERT INTO Servicio(descripcion) VALUES('Servicio sencillo con 448 MB de internet');
INSERT INTO Servicio(descripcion) VALUES('Servicio sencillo con 449 MB de internet');
INSERT INTO Servicio(descripcion) VALUES('Servicio sencillo con 450 MB de internet');
INSERT INTO Servicio(descripcion) VALUES('Servicio sencillo con 451 MB de internet');
INSERT INTO Servicio(descripcion) VALUES('Servicio sencillo con 452 MB de internet');
INSERT INTO Servicio(descripcion) VALUES('Servicio sencillo con 453 MB de internet');
INSERT INTO Servicio(descripcion) VALUES('Servicio sencillo con 454 MB de internet');
INSERT INTO Servicio(descripcion) VALUES('Servicio sencillo con 455 MB de internet');
INSERT INTO Servicio(descripcion) VALUES('Servicio sencillo con 456 MB de internet');
INSERT INTO Servicio(descripcion) VALUES('Servicio sencillo con 457 MB de internet');
INSERT INTO Servicio(descripcion) VALUES('Servicio sencillo con 458 MB de internet');
INSERT INTO Servicio(descripcion) VALUES('Servicio sencillo con 459 MB de internet');
INSERT INTO Servicio(descripcion) VALUES('Servicio sencillo con 460 MB de internet');
INSERT INTO Servicio(descripcion) VALUES('Servicio sencillo con 461 MB de internet');
INSERT INTO Servicio(descripcion) VALUES('Servicio sencillo con 462 MB de internet');
INSERT INTO Servicio(descripcion) VALUES('Servicio sencillo con 463 MB de internet');
INSERT INTO Servicio(descripcion) VALUES('Servicio sencillo con 464 MB de internet');
INSERT INTO Servicio(descripcion) VALUES('Servicio sencillo con 465 MB de internet');
INSERT INTO Servicio(descripcion) VALUES('Servicio sencillo con 466 MB de internet');
INSERT INTO Servicio(descripcion) VALUES('Servicio sencillo con 467 MB de internet');
INSERT INTO Servicio(descripcion) VALUES('Servicio sencillo con 468 MB de internet');
INSERT INTO Servicio(descripcion) VALUES('Servicio sencillo con 469 MB de internet');
INSERT INTO Servicio(descripcion) VALUES('Servicio sencillo con 470 MB de internet');
INSERT INTO Servicio(descripcion) VALUES('Servicio sencillo con 471 MB de internet');
INSERT INTO Servicio(descripcion) VALUES('Servicio sencillo con 472 MB de internet');
INSERT INTO Servicio(descripcion) VALUES('Servicio sencillo con 473 MB de internet');
INSERT INTO Servicio(descripcion) VALUES('Servicio sencillo con 474 MB de internet');
INSERT INTO Servicio(descripcion) VALUES('Servicio sencillo con 475 MB de internet');
INSERT INTO Servicio(descripcion) VALUES('Servicio sencillo con 476 MB de internet');
INSERT INTO Servicio(descripcion) VALUES('Servicio sencillo con 477 MB de internet');
INSERT INTO Servicio(descripcion) VALUES('Servicio sencillo con 478 MB de internet');
INSERT INTO Servicio(descripcion) VALUES('Servicio sencillo con 479 MB de internet');
INSERT INTO Servicio(descripcion) VALUES('Servicio sencillo con 480 MB de internet');
INSERT INTO Servicio(descripcion) VALUES('Servicio sencillo con 481 MB de internet');
INSERT INTO Servicio(descripcion) VALUES('Servicio sencillo con 482 MB de internet');
INSERT INTO Servicio(descripcion) VALUES('Servicio sencillo con 483 MB de internet');
INSERT INTO Servicio(descripcion) VALUES('Servicio sencillo con 484 MB de internet');
INSERT INTO Servicio(descripcion) VALUES('Servicio sencillo con 485 MB de internet');
INSERT INTO Servicio(descripcion) VALUES('Servicio sencillo con 486 MB de internet');
INSERT INTO Servicio(descripcion) VALUES('Servicio sencillo con 487 MB de internet');
INSERT INTO Servicio(descripcion) VALUES('Servicio sencillo con 488 MB de internet');
INSERT INTO Servicio(descripcion) VALUES('Servicio sencillo con 489 MB de internet');
INSERT INTO Servicio(descripcion) VALUES('Servicio sencillo con 490 MB de internet');
INSERT INTO Servicio(descripcion) VALUES('Servicio sencillo con 491 MB de internet');
INSERT INTO Servicio(descripcion) VALUES('Servicio sencillo con 492 MB de internet');
INSERT INTO Servicio(descripcion) VALUES('Servicio sencillo con 493 MB de internet');
INSERT INTO Servicio(descripcion) VALUES('Servicio sencillo con 494 MB de internet');
INSERT INTO Servicio(descripcion) VALUES('Servicio sencillo con 495 MB de internet');
INSERT INTO Servicio(descripcion) VALUES('Servicio sencillo con 496 MB de internet');
INSERT INTO Servicio(descripcion) VALUES('Servicio sencillo con 497 MB de internet');
INSERT INTO Servicio(descripcion) VALUES('Servicio sencillo con 498 MB de internet');
INSERT INTO Servicio(descripcion) VALUES('Servicio sencillo con 499 MB de internet');
INSERT INTO Servicio(descripcion) VALUES('Servicio sencillo con 500 MB de internet');
INSERT INTO Servicio(descripcion) VALUES('Servicio sencillo con 501 MB de internet');
INSERT INTO Servicio(descripcion) VALUES('Servicio sencillo con 502 MB de internet');
INSERT INTO Servicio(descripcion) VALUES('Servicio sencillo con 503 MB de internet');
INSERT INTO Servicio(descripcion) VALUES('Servicio sencillo con 504 MB de internet');
INSERT INTO Servicio(descripcion) VALUES('Servicio sencillo con 505 MB de internet');
INSERT INTO Servicio(descripcion) VALUES('Servicio sencillo con 506 MB de internet');
INSERT INTO Servicio(descripcion) VALUES('Servicio sencillo con 507 MB de internet');
INSERT INTO Servicio(descripcion) VALUES('Servicio sencillo con 508 MB de internet');
INSERT INTO Servicio(descripcion) VALUES('Servicio sencillo con 509 MB de internet');
INSERT INTO Servicio(descripcion) VALUES('Servicio sencillo con 510 MB de internet');
INSERT INTO Servicio(descripcion) VALUES('Servicio sencillo con 511 MB de internet');
INSERT INTO Servicio(descripcion) VALUES('Servicio sencillo con 512 MB de internet');
INSERT INTO Servicio(descripcion) VALUES('Servicio sencillo con 513 MB de internet');
INSERT INTO Servicio(descripcion) VALUES('Servicio sencillo con 514 MB de internet');
INSERT INTO Servicio(descripcion) VALUES('Servicio sencillo con 515 MB de internet');
INSERT INTO Servicio(descripcion) VALUES('Servicio sencillo con 516 MB de internet');
INSERT INTO Servicio(descripcion) VALUES('Servicio sencillo con 517 MB de internet');
INSERT INTO Servicio(descripcion) VALUES('Servicio sencillo con 518 MB de internet');
INSERT INTO Servicio(descripcion) VALUES('Servicio sencillo con 519 MB de internet');
INSERT INTO Servicio(descripcion) VALUES('Servicio sencillo con 520 MB de internet');
INSERT INTO Servicio(descripcion) VALUES('Servicio sencillo con 521 MB de internet');
INSERT INTO Servicio(descripcion) VALUES('Servicio sencillo con 522 MB de internet');
INSERT INTO Servicio(descripcion) VALUES('Servicio sencillo con 523 MB de internet');
INSERT INTO Servicio(descripcion) VALUES('Servicio sencillo con 524 MB de internet');
INSERT INTO Servicio(descripcion) VALUES('Servicio sencillo con 525 MB de internet');
INSERT INTO Servicio(descripcion) VALUES('Servicio sencillo con 526 MB de internet');
INSERT INTO Servicio(descripcion) VALUES('Servicio sencillo con 527 MB de internet');
INSERT INTO Servicio(descripcion) VALUES('Servicio sencillo con 528 MB de internet');
INSERT INTO Servicio(descripcion) VALUES('Servicio sencillo con 529 MB de internet');
INSERT INTO Servicio(descripcion) VALUES('Servicio sencillo con 530 MB de internet');
INSERT INTO Servicio(descripcion) VALUES('Servicio sencillo con 531 MB de internet');
INSERT INTO Servicio(descripcion) VALUES('Servicio sencillo con 532 MB de internet');
INSERT INTO Servicio(descripcion) VALUES('Servicio sencillo con 533 MB de internet');
INSERT INTO Servicio(descripcion) VALUES('Servicio sencillo con 534 MB de internet');
INSERT INTO Servicio(descripcion) VALUES('Servicio sencillo con 535 MB de internet');
INSERT INTO Servicio(descripcion) VALUES('Servicio sencillo con 536 MB de internet');
INSERT INTO Servicio(descripcion) VALUES('Servicio sencillo con 537 MB de internet');
INSERT INTO Servicio(descripcion) VALUES('Servicio sencillo con 538 MB de internet');
INSERT INTO Servicio(descripcion) VALUES('Servicio sencillo con 539 MB de internet');
INSERT INTO Servicio(descripcion) VALUES('Servicio sencillo con 540 MB de internet');
INSERT INTO Servicio(descripcion) VALUES('Servicio sencillo con 541 MB de internet');
INSERT INTO Servicio(descripcion) VALUES('Servicio sencillo con 542 MB de internet');
INSERT INTO Servicio(descripcion) VALUES('Servicio sencillo con 543 MB de internet');
INSERT INTO Servicio(descripcion) VALUES('Servicio sencillo con 544 MB de internet');
INSERT INTO Servicio(descripcion) VALUES('Servicio sencillo con 545 MB de internet');
INSERT INTO Servicio(descripcion) VALUES('Servicio sencillo con 546 MB de internet');
INSERT INTO Servicio(descripcion) VALUES('Servicio sencillo con 547 MB de internet');
INSERT INTO Servicio(descripcion) VALUES('Servicio sencillo con 548 MB de internet');
INSERT INTO Servicio(descripcion) VALUES('Servicio sencillo con 549 MB de internet');
INSERT INTO Servicio(descripcion) VALUES('Servicio sencillo con 550 MB de internet');
INSERT INTO Servicio(descripcion) VALUES('Servicio sencillo con 551 MB de internet');
INSERT INTO Servicio(descripcion) VALUES('Servicio sencillo con 552 MB de internet');
INSERT INTO Servicio(descripcion) VALUES('Servicio sencillo con 553 MB de internet');
INSERT INTO Servicio(descripcion) VALUES('Servicio sencillo con 554 MB de internet');
INSERT INTO Servicio(descripcion) VALUES('Servicio sencillo con 555 MB de internet');
INSERT INTO Servicio(descripcion) VALUES('Servicio sencillo con 556 MB de internet');
INSERT INTO Servicio(descripcion) VALUES('Servicio sencillo con 557 MB de internet');
INSERT INTO Servicio(descripcion) VALUES('Servicio sencillo con 558 MB de internet');
INSERT INTO Servicio(descripcion) VALUES('Servicio sencillo con 559 MB de internet');
INSERT INTO Servicio(descripcion) VALUES('Servicio sencillo con 560 MB de internet');
INSERT INTO Servicio(descripcion) VALUES('Servicio sencillo con 561 MB de internet');
INSERT INTO Servicio(descripcion) VALUES('Servicio sencillo con 562 MB de internet');
INSERT INTO Servicio(descripcion) VALUES('Servicio sencillo con 563 MB de internet');
INSERT INTO Servicio(descripcion) VALUES('Servicio sencillo con 564 MB de internet');
INSERT INTO Servicio(descripcion) VALUES('Servicio sencillo con 565 MB de internet');
INSERT INTO Servicio(descripcion) VALUES('Servicio sencillo con 566 MB de internet');
INSERT INTO Servicio(descripcion) VALUES('Servicio sencillo con 567 MB de internet');
INSERT INTO Servicio(descripcion) VALUES('Servicio sencillo con 568 MB de internet');
INSERT INTO Servicio(descripcion) VALUES('Servicio sencillo con 569 MB de internet');
INSERT INTO Servicio(descripcion) VALUES('Servicio sencillo con 570 MB de internet');
INSERT INTO Servicio(descripcion) VALUES('Servicio sencillo con 571 MB de internet');
INSERT INTO Servicio(descripcion) VALUES('Servicio sencillo con 572 MB de internet');
INSERT INTO Servicio(descripcion) VALUES('Servicio sencillo con 573 MB de internet');
INSERT INTO Servicio(descripcion) VALUES('Servicio sencillo con 574 MB de internet');
INSERT INTO Servicio(descripcion) VALUES('Servicio sencillo con 575 MB de internet');
INSERT INTO Servicio(descripcion) VALUES('Servicio sencillo con 576 MB de internet');
INSERT INTO Servicio(descripcion) VALUES('Servicio sencillo con 577 MB de internet');
INSERT INTO Servicio(descripcion) VALUES('Servicio sencillo con 578 MB de internet');
INSERT INTO Servicio(descripcion) VALUES('Servicio sencillo con 579 MB de internet');
INSERT INTO Servicio(descripcion) VALUES('Servicio sencillo con 580 MB de internet');
INSERT INTO Servicio(descripcion) VALUES('Servicio sencillo con 581 MB de internet');
INSERT INTO Servicio(descripcion) VALUES('Servicio sencillo con 582 MB de internet');
INSERT INTO Servicio(descripcion) VALUES('Servicio sencillo con 583 MB de internet');
INSERT INTO Servicio(descripcion) VALUES('Servicio sencillo con 584 MB de internet');
INSERT INTO Servicio(descripcion) VALUES('Servicio sencillo con 585 MB de internet');
INSERT INTO Servicio(descripcion) VALUES('Servicio sencillo con 586 MB de internet');
INSERT INTO Servicio(descripcion) VALUES('Servicio sencillo con 587 MB de internet');
INSERT INTO Servicio(descripcion) VALUES('Servicio sencillo con 588 MB de internet');
INSERT INTO Servicio(descripcion) VALUES('Servicio sencillo con 589 MB de internet');
INSERT INTO Servicio(descripcion) VALUES('Servicio sencillo con 590 MB de internet');
INSERT INTO Servicio(descripcion) VALUES('Servicio sencillo con 591 MB de internet');
INSERT INTO Servicio(descripcion) VALUES('Servicio sencillo con 592 MB de internet');
INSERT INTO Servicio(descripcion) VALUES('Servicio sencillo con 593 MB de internet');
INSERT INTO Servicio(descripcion) VALUES('Servicio sencillo con 594 MB de internet');
INSERT INTO Servicio(descripcion) VALUES('Servicio sencillo con 595 MB de internet');
INSERT INTO Servicio(descripcion) VALUES('Servicio sencillo con 596 MB de internet');
INSERT INTO Servicio(descripcion) VALUES('Servicio sencillo con 597 MB de internet');
INSERT INTO Servicio(descripcion) VALUES('Servicio sencillo con 598 MB de internet');
INSERT INTO Servicio(descripcion) VALUES('Servicio sencillo con 599 MB de internet');
INSERT INTO Servicio(descripcion) VALUES('Servicio sencillo con 600 MB de internet');
INSERT INTO Servicio(descripcion) VALUES('Servicio sencillo con 601 MB de internet');
INSERT INTO Servicio(descripcion) VALUES('Servicio sencillo con 602 MB de internet');
INSERT INTO Servicio(descripcion) VALUES('Servicio sencillo con 603 MB de internet');
INSERT INTO Servicio(descripcion) VALUES('Servicio sencillo con 604 MB de internet');
INSERT INTO Servicio(descripcion) VALUES('Servicio sencillo con 605 MB de internet');
INSERT INTO Servicio(descripcion) VALUES('Servicio sencillo con 606 MB de internet');
INSERT INTO Servicio(descripcion) VALUES('Servicio sencillo con 607 MB de internet');
INSERT INTO Servicio(descripcion) VALUES('Servicio sencillo con 608 MB de internet');
INSERT INTO Servicio(descripcion) VALUES('Servicio sencillo con 609 MB de internet');
INSERT INTO Servicio(descripcion) VALUES('Servicio sencillo con 610 MB de internet');
INSERT INTO Servicio(descripcion) VALUES('Servicio sencillo con 611 MB de internet');
INSERT INTO Servicio(descripcion) VALUES('Servicio sencillo con 612 MB de internet');
INSERT INTO Servicio(descripcion) VALUES('Servicio sencillo con 613 MB de internet');
INSERT INTO Servicio(descripcion) VALUES('Servicio sencillo con 614 MB de internet');
INSERT INTO Servicio(descripcion) VALUES('Servicio sencillo con 615 MB de internet');
INSERT INTO Servicio(descripcion) VALUES('Servicio sencillo con 616 MB de internet');
INSERT INTO Servicio(descripcion) VALUES('Servicio sencillo con 617 MB de internet');
INSERT INTO Servicio(descripcion) VALUES('Servicio sencillo con 618 MB de internet');
INSERT INTO Servicio(descripcion) VALUES('Servicio sencillo con 619 MB de internet');
INSERT INTO Servicio(descripcion) VALUES('Servicio sencillo con 620 MB de internet');
INSERT INTO Servicio(descripcion) VALUES('Servicio sencillo con 621 MB de internet');
INSERT INTO Servicio(descripcion) VALUES('Servicio sencillo con 622 MB de internet');
INSERT INTO Servicio(descripcion) VALUES('Servicio sencillo con 623 MB de internet');
INSERT INTO Servicio(descripcion) VALUES('Servicio sencillo con 624 MB de internet');
INSERT INTO Servicio(descripcion) VALUES('Servicio sencillo con 625 MB de internet');
INSERT INTO Servicio(descripcion) VALUES('Servicio sencillo con 626 MB de internet');
INSERT INTO Servicio(descripcion) VALUES('Servicio sencillo con 627 MB de internet');
INSERT INTO Servicio(descripcion) VALUES('Servicio sencillo con 628 MB de internet');
INSERT INTO Servicio(descripcion) VALUES('Servicio sencillo con 629 MB de internet');
INSERT INTO Servicio(descripcion) VALUES('Servicio sencillo con 630 MB de internet');
INSERT INTO Servicio(descripcion) VALUES('Servicio sencillo con 631 MB de internet');
INSERT INTO Servicio(descripcion) VALUES('Servicio sencillo con 632 MB de internet');
INSERT INTO Servicio(descripcion) VALUES('Servicio sencillo con 633 MB de internet');
INSERT INTO Servicio(descripcion) VALUES('Servicio sencillo con 634 MB de internet');
INSERT INTO Servicio(descripcion) VALUES('Servicio sencillo con 635 MB de internet');
INSERT INTO Servicio(descripcion) VALUES('Servicio sencillo con 636 MB de internet');
INSERT INTO Servicio(descripcion) VALUES('Servicio sencillo con 637 MB de internet');
INSERT INTO Servicio(descripcion) VALUES('Servicio sencillo con 638 MB de internet');
INSERT INTO Servicio(descripcion) VALUES('Servicio sencillo con 639 MB de internet');
INSERT INTO Servicio(descripcion) VALUES('Servicio sencillo con 640 MB de internet');
INSERT INTO Servicio(descripcion) VALUES('Servicio sencillo con 641 MB de internet');
INSERT INTO Servicio(descripcion) VALUES('Servicio sencillo con 642 MB de internet');
INSERT INTO Servicio(descripcion) VALUES('Servicio sencillo con 643 MB de internet');
INSERT INTO Servicio(descripcion) VALUES('Servicio sencillo con 644 MB de internet');
INSERT INTO Servicio(descripcion) VALUES('Servicio sencillo con 645 MB de internet');
INSERT INTO Servicio(descripcion) VALUES('Servicio sencillo con 646 MB de internet');
INSERT INTO Servicio(descripcion) VALUES('Servicio sencillo con 647 MB de internet');
INSERT INTO Servicio(descripcion) VALUES('Servicio sencillo con 648 MB de internet');
INSERT INTO Servicio(descripcion) VALUES('Servicio sencillo con 649 MB de internet');
INSERT INTO Servicio(descripcion) VALUES('Servicio sencillo con 650 MB de internet');
INSERT INTO Servicio(descripcion) VALUES('Servicio sencillo con 651 MB de internet');
INSERT INTO Servicio(descripcion) VALUES('Servicio sencillo con 652 MB de internet');
INSERT INTO Servicio(descripcion) VALUES('Servicio sencillo con 653 MB de internet');
INSERT INTO Servicio(descripcion) VALUES('Servicio sencillo con 654 MB de internet');
INSERT INTO Servicio(descripcion) VALUES('Servicio sencillo con 655 MB de internet');
INSERT INTO Servicio(descripcion) VALUES('Servicio sencillo con 656 MB de internet');
INSERT INTO Servicio(descripcion) VALUES('Servicio sencillo con 657 MB de internet');
INSERT INTO Servicio(descripcion) VALUES('Servicio sencillo con 658 MB de internet');
INSERT INTO Servicio(descripcion) VALUES('Servicio sencillo con 659 MB de internet');
INSERT INTO Servicio(descripcion) VALUES('Servicio sencillo con 660 MB de internet');
INSERT INTO Servicio(descripcion) VALUES('Servicio sencillo con 661 MB de internet');
INSERT INTO Servicio(descripcion) VALUES('Servicio sencillo con 662 MB de internet');
INSERT INTO Servicio(descripcion) VALUES('Servicio sencillo con 663 MB de internet');
INSERT INTO Servicio(descripcion) VALUES('Servicio sencillo con 664 MB de internet');
INSERT INTO Servicio(descripcion) VALUES('Servicio sencillo con 665 MB de internet');
INSERT INTO Servicio(descripcion) VALUES('Servicio sencillo con 666 MB de internet');
INSERT INTO Servicio(descripcion) VALUES('Servicio sencillo con 667 MB de internet');
INSERT INTO Servicio(descripcion) VALUES('Servicio sencillo con 668 MB de internet');
INSERT INTO Servicio(descripcion) VALUES('Servicio sencillo con 669 MB de internet');
INSERT INTO Servicio(descripcion) VALUES('Servicio sencillo con 670 MB de internet');
INSERT INTO Servicio(descripcion) VALUES('Servicio sencillo con 671 MB de internet');
INSERT INTO Servicio(descripcion) VALUES('Servicio sencillo con 672 MB de internet');
INSERT INTO Servicio(descripcion) VALUES('Servicio sencillo con 673 MB de internet');
INSERT INTO Servicio(descripcion) VALUES('Servicio sencillo con 674 MB de internet');
INSERT INTO Servicio(descripcion) VALUES('Servicio sencillo con 675 MB de internet');
INSERT INTO Servicio(descripcion) VALUES('Servicio sencillo con 676 MB de internet');
INSERT INTO Servicio(descripcion) VALUES('Servicio sencillo con 677 MB de internet');
INSERT INTO Servicio(descripcion) VALUES('Servicio sencillo con 678 MB de internet');
INSERT INTO Servicio(descripcion) VALUES('Servicio sencillo con 679 MB de internet');
INSERT INTO Servicio(descripcion) VALUES('Servicio sencillo con 680 MB de internet');
INSERT INTO Servicio(descripcion) VALUES('Servicio sencillo con 681 MB de internet');
INSERT INTO Servicio(descripcion) VALUES('Servicio sencillo con 682 MB de internet');
INSERT INTO Servicio(descripcion) VALUES('Servicio sencillo con 683 MB de internet');
INSERT INTO Servicio(descripcion) VALUES('Servicio sencillo con 684 MB de internet');
INSERT INTO Servicio(descripcion) VALUES('Servicio sencillo con 685 MB de internet');
INSERT INTO Servicio(descripcion) VALUES('Servicio sencillo con 686 MB de internet');
INSERT INTO Servicio(descripcion) VALUES('Servicio sencillo con 687 MB de internet');
INSERT INTO Servicio(descripcion) VALUES('Servicio sencillo con 688 MB de internet');
INSERT INTO Servicio(descripcion) VALUES('Servicio sencillo con 689 MB de internet');
INSERT INTO Servicio(descripcion) VALUES('Servicio sencillo con 690 MB de internet');
INSERT INTO Servicio(descripcion) VALUES('Servicio sencillo con 691 MB de internet');
INSERT INTO Servicio(descripcion) VALUES('Servicio sencillo con 692 MB de internet');
INSERT INTO Servicio(descripcion) VALUES('Servicio sencillo con 693 MB de internet');
INSERT INTO Servicio(descripcion) VALUES('Servicio sencillo con 694 MB de internet');
INSERT INTO Servicio(descripcion) VALUES('Servicio sencillo con 695 MB de internet');
INSERT INTO Servicio(descripcion) VALUES('Servicio sencillo con 696 MB de internet');
INSERT INTO Servicio(descripcion) VALUES('Servicio sencillo con 697 MB de internet');
INSERT INTO Servicio(descripcion) VALUES('Servicio sencillo con 698 MB de internet');
INSERT INTO Servicio(descripcion) VALUES('Servicio sencillo con 699 MB de internet');
INSERT INTO Servicio(descripcion) VALUES('Servicio sencillo con 700 MB de internet');
INSERT INTO Servicio(descripcion) VALUES('Servicio sencillo con 701 MB de internet');
INSERT INTO Servicio(descripcion) VALUES('Servicio sencillo con 702 MB de internet');
INSERT INTO Servicio(descripcion) VALUES('Servicio sencillo con 703 MB de internet');
INSERT INTO Servicio(descripcion) VALUES('Servicio sencillo con 704 MB de internet');
INSERT INTO Servicio(descripcion) VALUES('Servicio sencillo con 705 MB de internet');
INSERT INTO Servicio(descripcion) VALUES('Servicio sencillo con 706 MB de internet');
INSERT INTO Servicio(descripcion) VALUES('Servicio sencillo con 707 MB de internet');
INSERT INTO Servicio(descripcion) VALUES('Servicio sencillo con 708 MB de internet');
INSERT INTO Servicio(descripcion) VALUES('Servicio sencillo con 709 MB de internet');
INSERT INTO Servicio(descripcion) VALUES('Servicio sencillo con 710 MB de internet');
INSERT INTO Servicio(descripcion) VALUES('Servicio sencillo con 711 MB de internet');
INSERT INTO Servicio(descripcion) VALUES('Servicio sencillo con 712 MB de internet');
INSERT INTO Servicio(descripcion) VALUES('Servicio sencillo con 713 MB de internet');
INSERT INTO Servicio(descripcion) VALUES('Servicio sencillo con 714 MB de internet');
INSERT INTO Servicio(descripcion) VALUES('Servicio sencillo con 715 MB de internet');
INSERT INTO Servicio(descripcion) VALUES('Servicio sencillo con 716 MB de internet');
INSERT INTO Servicio(descripcion) VALUES('Servicio sencillo con 717 MB de internet');
INSERT INTO Servicio(descripcion) VALUES('Servicio sencillo con 718 MB de internet');
INSERT INTO Servicio(descripcion) VALUES('Servicio sencillo con 719 MB de internet');
INSERT INTO Servicio(descripcion) VALUES('Servicio sencillo con 720 MB de internet');
INSERT INTO Servicio(descripcion) VALUES('Servicio sencillo con 721 MB de internet');
INSERT INTO Servicio(descripcion) VALUES('Servicio sencillo con 722 MB de internet');
INSERT INTO Servicio(descripcion) VALUES('Servicio sencillo con 723 MB de internet');
INSERT INTO Servicio(descripcion) VALUES('Servicio sencillo con 724 MB de internet');
INSERT INTO Servicio(descripcion) VALUES('Servicio sencillo con 725 MB de internet');
INSERT INTO Servicio(descripcion) VALUES('Servicio sencillo con 726 MB de internet');
INSERT INTO Servicio(descripcion) VALUES('Servicio sencillo con 727 MB de internet');
INSERT INTO Servicio(descripcion) VALUES('Servicio sencillo con 728 MB de internet');
INSERT INTO Servicio(descripcion) VALUES('Servicio sencillo con 729 MB de internet');
INSERT INTO Servicio(descripcion) VALUES('Servicio sencillo con 730 MB de internet');
INSERT INTO Servicio(descripcion) VALUES('Servicio sencillo con 731 MB de internet');
INSERT INTO Servicio(descripcion) VALUES('Servicio sencillo con 732 MB de internet');
INSERT INTO Servicio(descripcion) VALUES('Servicio sencillo con 733 MB de internet');
INSERT INTO Servicio(descripcion) VALUES('Servicio sencillo con 734 MB de internet');
INSERT INTO Servicio(descripcion) VALUES('Servicio sencillo con 735 MB de internet');
INSERT INTO Servicio(descripcion) VALUES('Servicio sencillo con 736 MB de internet');
INSERT INTO Servicio(descripcion) VALUES('Servicio sencillo con 737 MB de internet');
INSERT INTO Servicio(descripcion) VALUES('Servicio sencillo con 738 MB de internet');
INSERT INTO Servicio(descripcion) VALUES('Servicio sencillo con 739 MB de internet');
INSERT INTO Servicio(descripcion) VALUES('Servicio sencillo con 740 MB de internet');
INSERT INTO Servicio(descripcion) VALUES('Servicio sencillo con 741 MB de internet');
INSERT INTO Servicio(descripcion) VALUES('Servicio sencillo con 742 MB de internet');
INSERT INTO Servicio(descripcion) VALUES('Servicio sencillo con 743 MB de internet');
INSERT INTO Servicio(descripcion) VALUES('Servicio sencillo con 744 MB de internet');
INSERT INTO Servicio(descripcion) VALUES('Servicio sencillo con 745 MB de internet');
INSERT INTO Servicio(descripcion) VALUES('Servicio sencillo con 746 MB de internet');
INSERT INTO Servicio(descripcion) VALUES('Servicio sencillo con 747 MB de internet');
INSERT INTO Servicio(descripcion) VALUES('Servicio sencillo con 748 MB de internet');
INSERT INTO Servicio(descripcion) VALUES('Servicio sencillo con 749 MB de internet');
INSERT INTO Servicio(descripcion) VALUES('Servicio sencillo con 750 MB de internet');
INSERT INTO Servicio(descripcion) VALUES('Servicio sencillo con 751 MB de internet');
INSERT INTO Servicio(descripcion) VALUES('Servicio sencillo con 752 MB de internet');
INSERT INTO Servicio(descripcion) VALUES('Servicio sencillo con 753 MB de internet');
INSERT INTO Servicio(descripcion) VALUES('Servicio sencillo con 754 MB de internet');
INSERT INTO Servicio(descripcion) VALUES('Servicio sencillo con 755 MB de internet');
INSERT INTO Servicio(descripcion) VALUES('Servicio sencillo con 756 MB de internet');
INSERT INTO Servicio(descripcion) VALUES('Servicio sencillo con 757 MB de internet');
INSERT INTO Servicio(descripcion) VALUES('Servicio sencillo con 758 MB de internet');
INSERT INTO Servicio(descripcion) VALUES('Servicio sencillo con 759 MB de internet');
INSERT INTO Servicio(descripcion) VALUES('Servicio sencillo con 760 MB de internet');
INSERT INTO Servicio(descripcion) VALUES('Servicio sencillo con 761 MB de internet');
INSERT INTO Servicio(descripcion) VALUES('Servicio sencillo con 762 MB de internet');
INSERT INTO Servicio(descripcion) VALUES('Servicio sencillo con 763 MB de internet');
INSERT INTO Servicio(descripcion) VALUES('Servicio sencillo con 764 MB de internet');
INSERT INTO Servicio(descripcion) VALUES('Servicio sencillo con 765 MB de internet');
INSERT INTO Servicio(descripcion) VALUES('Servicio sencillo con 766 MB de internet');
INSERT INTO Servicio(descripcion) VALUES('Servicio sencillo con 767 MB de internet');
INSERT INTO Servicio(descripcion) VALUES('Servicio sencillo con 768 MB de internet');
INSERT INTO Servicio(descripcion) VALUES('Servicio sencillo con 769 MB de internet');
INSERT INTO Servicio(descripcion) VALUES('Servicio sencillo con 770 MB de internet');
INSERT INTO Servicio(descripcion) VALUES('Servicio sencillo con 771 MB de internet');
INSERT INTO Servicio(descripcion) VALUES('Servicio sencillo con 772 MB de internet');
INSERT INTO Servicio(descripcion) VALUES('Servicio sencillo con 773 MB de internet');
INSERT INTO Servicio(descripcion) VALUES('Servicio sencillo con 774 MB de internet');
INSERT INTO Servicio(descripcion) VALUES('Servicio sencillo con 775 MB de internet');
INSERT INTO Servicio(descripcion) VALUES('Servicio sencillo con 776 MB de internet');
INSERT INTO Servicio(descripcion) VALUES('Servicio sencillo con 777 MB de internet');
INSERT INTO Servicio(descripcion) VALUES('Servicio sencillo con 778 MB de internet');
INSERT INTO Servicio(descripcion) VALUES('Servicio sencillo con 779 MB de internet');
INSERT INTO Servicio(descripcion) VALUES('Servicio sencillo con 780 MB de internet');
INSERT INTO Servicio(descripcion) VALUES('Servicio sencillo con 781 MB de internet');
INSERT INTO Servicio(descripcion) VALUES('Servicio sencillo con 782 MB de internet');
INSERT INTO Servicio(descripcion) VALUES('Servicio sencillo con 783 MB de internet');
INSERT INTO Servicio(descripcion) VALUES('Servicio sencillo con 784 MB de internet');
INSERT INTO Servicio(descripcion) VALUES('Servicio sencillo con 785 MB de internet');
INSERT INTO Servicio(descripcion) VALUES('Servicio sencillo con 786 MB de internet');
INSERT INTO Servicio(descripcion) VALUES('Servicio sencillo con 787 MB de internet');
INSERT INTO Servicio(descripcion) VALUES('Servicio sencillo con 788 MB de internet');
INSERT INTO Servicio(descripcion) VALUES('Servicio sencillo con 789 MB de internet');
INSERT INTO Servicio(descripcion) VALUES('Servicio sencillo con 790 MB de internet');
INSERT INTO Servicio(descripcion) VALUES('Servicio sencillo con 791 MB de internet');
INSERT INTO Servicio(descripcion) VALUES('Servicio sencillo con 792 MB de internet');
INSERT INTO Servicio(descripcion) VALUES('Servicio sencillo con 793 MB de internet');
INSERT INTO Servicio(descripcion) VALUES('Servicio sencillo con 794 MB de internet');
INSERT INTO Servicio(descripcion) VALUES('Servicio sencillo con 795 MB de internet');
INSERT INTO Servicio(descripcion) VALUES('Servicio sencillo con 796 MB de internet');
INSERT INTO Servicio(descripcion) VALUES('Servicio sencillo con 797 MB de internet');
INSERT INTO Servicio(descripcion) VALUES('Servicio sencillo con 798 MB de internet');
INSERT INTO Servicio(descripcion) VALUES('Servicio sencillo con 799 MB de internet');
INSERT INTO Servicio(descripcion) VALUES('Servicio sencillo con 800 MB de internet');
INSERT INTO Servicio(descripcion) VALUES('Servicio sencillo con 801 MB de internet');
INSERT INTO Servicio(descripcion) VALUES('Servicio sencillo con 802 MB de internet');
INSERT INTO Servicio(descripcion) VALUES('Servicio sencillo con 803 MB de internet');
INSERT INTO Servicio(descripcion) VALUES('Servicio sencillo con 804 MB de internet');
INSERT INTO Servicio(descripcion) VALUES('Servicio sencillo con 805 MB de internet');
INSERT INTO Servicio(descripcion) VALUES('Servicio sencillo con 806 MB de internet');
INSERT INTO Servicio(descripcion) VALUES('Servicio sencillo con 807 MB de internet');
INSERT INTO Servicio(descripcion) VALUES('Servicio sencillo con 808 MB de internet');
INSERT INTO Servicio(descripcion) VALUES('Servicio sencillo con 809 MB de internet');
INSERT INTO Servicio(descripcion) VALUES('Servicio sencillo con 810 MB de internet');
INSERT INTO Servicio(descripcion) VALUES('Servicio sencillo con 811 MB de internet');
INSERT INTO Servicio(descripcion) VALUES('Servicio sencillo con 812 MB de internet');
INSERT INTO Servicio(descripcion) VALUES('Servicio sencillo con 813 MB de internet');
INSERT INTO Servicio(descripcion) VALUES('Servicio sencillo con 814 MB de internet');
INSERT INTO Servicio(descripcion) VALUES('Servicio sencillo con 815 MB de internet');
INSERT INTO Servicio(descripcion) VALUES('Servicio sencillo con 816 MB de internet');
INSERT INTO Servicio(descripcion) VALUES('Servicio sencillo con 817 MB de internet');
INSERT INTO Servicio(descripcion) VALUES('Servicio sencillo con 818 MB de internet');
INSERT INTO Servicio(descripcion) VALUES('Servicio sencillo con 819 MB de internet');
INSERT INTO Servicio(descripcion) VALUES('Servicio sencillo con 820 MB de internet');
INSERT INTO Servicio(descripcion) VALUES('Servicio sencillo con 821 MB de internet');
INSERT INTO Servicio(descripcion) VALUES('Servicio sencillo con 822 MB de internet');
INSERT INTO Servicio(descripcion) VALUES('Servicio sencillo con 823 MB de internet');
INSERT INTO Servicio(descripcion) VALUES('Servicio sencillo con 824 MB de internet');
INSERT INTO Servicio(descripcion) VALUES('Servicio sencillo con 825 MB de internet');
INSERT INTO Servicio(descripcion) VALUES('Servicio sencillo con 826 MB de internet');
INSERT INTO Servicio(descripcion) VALUES('Servicio sencillo con 827 MB de internet');
INSERT INTO Servicio(descripcion) VALUES('Servicio sencillo con 828 MB de internet');
INSERT INTO Servicio(descripcion) VALUES('Servicio sencillo con 829 MB de internet');
INSERT INTO Servicio(descripcion) VALUES('Servicio sencillo con 830 MB de internet');
INSERT INTO Servicio(descripcion) VALUES('Servicio sencillo con 831 MB de internet');
INSERT INTO Servicio(descripcion) VALUES('Servicio sencillo con 832 MB de internet');
INSERT INTO Servicio(descripcion) VALUES('Servicio sencillo con 833 MB de internet');
INSERT INTO Servicio(descripcion) VALUES('Servicio sencillo con 834 MB de internet');
INSERT INTO Servicio(descripcion) VALUES('Servicio sencillo con 835 MB de internet');
INSERT INTO Servicio(descripcion) VALUES('Servicio sencillo con 836 MB de internet');
INSERT INTO Servicio(descripcion) VALUES('Servicio sencillo con 837 MB de internet');
INSERT INTO Servicio(descripcion) VALUES('Servicio sencillo con 838 MB de internet');
INSERT INTO Servicio(descripcion) VALUES('Servicio sencillo con 839 MB de internet');
INSERT INTO Servicio(descripcion) VALUES('Servicio sencillo con 840 MB de internet');
INSERT INTO Servicio(descripcion) VALUES('Servicio sencillo con 841 MB de internet');
INSERT INTO Servicio(descripcion) VALUES('Servicio sencillo con 842 MB de internet');
INSERT INTO Servicio(descripcion) VALUES('Servicio sencillo con 843 MB de internet');
INSERT INTO Servicio(descripcion) VALUES('Servicio sencillo con 844 MB de internet');
INSERT INTO Servicio(descripcion) VALUES('Servicio sencillo con 845 MB de internet');
INSERT INTO Servicio(descripcion) VALUES('Servicio sencillo con 846 MB de internet');
INSERT INTO Servicio(descripcion) VALUES('Servicio sencillo con 847 MB de internet');
INSERT INTO Servicio(descripcion) VALUES('Servicio sencillo con 848 MB de internet');
INSERT INTO Servicio(descripcion) VALUES('Servicio sencillo con 849 MB de internet');
INSERT INTO Servicio(descripcion) VALUES('Servicio sencillo con 850 MB de internet');
INSERT INTO Servicio(descripcion) VALUES('Servicio sencillo con 851 MB de internet');
INSERT INTO Servicio(descripcion) VALUES('Servicio sencillo con 852 MB de internet');
INSERT INTO Servicio(descripcion) VALUES('Servicio sencillo con 853 MB de internet');
INSERT INTO Servicio(descripcion) VALUES('Servicio sencillo con 854 MB de internet');
INSERT INTO Servicio(descripcion) VALUES('Servicio sencillo con 855 MB de internet');
INSERT INTO Servicio(descripcion) VALUES('Servicio sencillo con 856 MB de internet');
INSERT INTO Servicio(descripcion) VALUES('Servicio sencillo con 857 MB de internet');
INSERT INTO Servicio(descripcion) VALUES('Servicio sencillo con 858 MB de internet');
INSERT INTO Servicio(descripcion) VALUES('Servicio sencillo con 859 MB de internet');
INSERT INTO Servicio(descripcion) VALUES('Servicio sencillo con 860 MB de internet');
INSERT INTO Servicio(descripcion) VALUES('Servicio sencillo con 861 MB de internet');
INSERT INTO Servicio(descripcion) VALUES('Servicio sencillo con 862 MB de internet');
INSERT INTO Servicio(descripcion) VALUES('Servicio sencillo con 863 MB de internet');
INSERT INTO Servicio(descripcion) VALUES('Servicio sencillo con 864 MB de internet');
INSERT INTO Servicio(descripcion) VALUES('Servicio sencillo con 865 MB de internet');
INSERT INTO Servicio(descripcion) VALUES('Servicio sencillo con 866 MB de internet');
INSERT INTO Servicio(descripcion) VALUES('Servicio sencillo con 867 MB de internet');
INSERT INTO Servicio(descripcion) VALUES('Servicio sencillo con 868 MB de internet');
INSERT INTO Servicio(descripcion) VALUES('Servicio sencillo con 869 MB de internet');
INSERT INTO Servicio(descripcion) VALUES('Servicio sencillo con 870 MB de internet');
INSERT INTO Servicio(descripcion) VALUES('Servicio sencillo con 871 MB de internet');
INSERT INTO Servicio(descripcion) VALUES('Servicio sencillo con 872 MB de internet');
INSERT INTO Servicio(descripcion) VALUES('Servicio sencillo con 873 MB de internet');
INSERT INTO Servicio(descripcion) VALUES('Servicio sencillo con 874 MB de internet');
INSERT INTO Servicio(descripcion) VALUES('Servicio sencillo con 875 MB de internet');
INSERT INTO Servicio(descripcion) VALUES('Servicio sencillo con 876 MB de internet');
INSERT INTO Servicio(descripcion) VALUES('Servicio sencillo con 877 MB de internet');
INSERT INTO Servicio(descripcion) VALUES('Servicio sencillo con 878 MB de internet');
INSERT INTO Servicio(descripcion) VALUES('Servicio sencillo con 879 MB de internet');
INSERT INTO Servicio(descripcion) VALUES('Servicio sencillo con 880 MB de internet');
INSERT INTO Servicio(descripcion) VALUES('Servicio sencillo con 881 MB de internet');
INSERT INTO Servicio(descripcion) VALUES('Servicio sencillo con 882 MB de internet');
INSERT INTO Servicio(descripcion) VALUES('Servicio sencillo con 883 MB de internet');
INSERT INTO Servicio(descripcion) VALUES('Servicio sencillo con 884 MB de internet');
INSERT INTO Servicio(descripcion) VALUES('Servicio sencillo con 885 MB de internet');
INSERT INTO Servicio(descripcion) VALUES('Servicio sencillo con 886 MB de internet');
INSERT INTO Servicio(descripcion) VALUES('Servicio sencillo con 887 MB de internet');
INSERT INTO Servicio(descripcion) VALUES('Servicio sencillo con 888 MB de internet');
INSERT INTO Servicio(descripcion) VALUES('Servicio sencillo con 889 MB de internet');
INSERT INTO Servicio(descripcion) VALUES('Servicio sencillo con 890 MB de internet');
INSERT INTO Servicio(descripcion) VALUES('Servicio sencillo con 891 MB de internet');
INSERT INTO Servicio(descripcion) VALUES('Servicio sencillo con 892 MB de internet');
INSERT INTO Servicio(descripcion) VALUES('Servicio sencillo con 893 MB de internet');
INSERT INTO Servicio(descripcion) VALUES('Servicio sencillo con 894 MB de internet');
INSERT INTO Servicio(descripcion) VALUES('Servicio sencillo con 895 MB de internet');
INSERT INTO Servicio(descripcion) VALUES('Servicio sencillo con 896 MB de internet');
INSERT INTO Servicio(descripcion) VALUES('Servicio sencillo con 897 MB de internet');
INSERT INTO Servicio(descripcion) VALUES('Servicio sencillo con 898 MB de internet');
INSERT INTO Servicio(descripcion) VALUES('Servicio sencillo con 899 MB de internet');
INSERT INTO Servicio(descripcion) VALUES('Servicio sencillo con 900 MB de internet');
INSERT INTO Servicio(descripcion) VALUES('Servicio sencillo con 901 MB de internet');
INSERT INTO Servicio(descripcion) VALUES('Servicio sencillo con 902 MB de internet');
INSERT INTO Servicio(descripcion) VALUES('Servicio sencillo con 903 MB de internet');
INSERT INTO Servicio(descripcion) VALUES('Servicio sencillo con 904 MB de internet');
INSERT INTO Servicio(descripcion) VALUES('Servicio sencillo con 905 MB de internet');
INSERT INTO Servicio(descripcion) VALUES('Servicio sencillo con 906 MB de internet');
INSERT INTO Servicio(descripcion) VALUES('Servicio sencillo con 907 MB de internet');
INSERT INTO Servicio(descripcion) VALUES('Servicio sencillo con 908 MB de internet');
INSERT INTO Servicio(descripcion) VALUES('Servicio sencillo con 909 MB de internet');
INSERT INTO Servicio(descripcion) VALUES('Servicio sencillo con 910 MB de internet');
INSERT INTO Servicio(descripcion) VALUES('Servicio sencillo con 911 MB de internet');
INSERT INTO Servicio(descripcion) VALUES('Servicio sencillo con 912 MB de internet');
INSERT INTO Servicio(descripcion) VALUES('Servicio sencillo con 913 MB de internet');
INSERT INTO Servicio(descripcion) VALUES('Servicio sencillo con 914 MB de internet');
INSERT INTO Servicio(descripcion) VALUES('Servicio sencillo con 915 MB de internet');
INSERT INTO Servicio(descripcion) VALUES('Servicio sencillo con 916 MB de internet');
INSERT INTO Servicio(descripcion) VALUES('Servicio sencillo con 917 MB de internet');
INSERT INTO Servicio(descripcion) VALUES('Servicio sencillo con 918 MB de internet');
INSERT INTO Servicio(descripcion) VALUES('Servicio sencillo con 919 MB de internet');
INSERT INTO Servicio(descripcion) VALUES('Servicio sencillo con 920 MB de internet');
INSERT INTO Servicio(descripcion) VALUES('Servicio sencillo con 921 MB de internet');
INSERT INTO Servicio(descripcion) VALUES('Servicio sencillo con 922 MB de internet');
INSERT INTO Servicio(descripcion) VALUES('Servicio sencillo con 923 MB de internet');
INSERT INTO Servicio(descripcion) VALUES('Servicio sencillo con 924 MB de internet');
INSERT INTO Servicio(descripcion) VALUES('Servicio sencillo con 925 MB de internet');
INSERT INTO Servicio(descripcion) VALUES('Servicio sencillo con 926 MB de internet');
INSERT INTO Servicio(descripcion) VALUES('Servicio sencillo con 927 MB de internet');
INSERT INTO Servicio(descripcion) VALUES('Servicio sencillo con 928 MB de internet');
INSERT INTO Servicio(descripcion) VALUES('Servicio sencillo con 929 MB de internet');
INSERT INTO Servicio(descripcion) VALUES('Servicio sencillo con 930 MB de internet');
INSERT INTO Servicio(descripcion) VALUES('Servicio sencillo con 931 MB de internet');
INSERT INTO Servicio(descripcion) VALUES('Servicio sencillo con 932 MB de internet');
INSERT INTO Servicio(descripcion) VALUES('Servicio sencillo con 933 MB de internet');
INSERT INTO Servicio(descripcion) VALUES('Servicio sencillo con 934 MB de internet');
INSERT INTO Servicio(descripcion) VALUES('Servicio sencillo con 935 MB de internet');
INSERT INTO Servicio(descripcion) VALUES('Servicio sencillo con 936 MB de internet');
INSERT INTO Servicio(descripcion) VALUES('Servicio sencillo con 937 MB de internet');
INSERT INTO Servicio(descripcion) VALUES('Servicio sencillo con 938 MB de internet');
INSERT INTO Servicio(descripcion) VALUES('Servicio sencillo con 939 MB de internet');
INSERT INTO Servicio(descripcion) VALUES('Servicio sencillo con 940 MB de internet');
INSERT INTO Servicio(descripcion) VALUES('Servicio sencillo con 941 MB de internet');
INSERT INTO Servicio(descripcion) VALUES('Servicio sencillo con 942 MB de internet');
INSERT INTO Servicio(descripcion) VALUES('Servicio sencillo con 943 MB de internet');
INSERT INTO Servicio(descripcion) VALUES('Servicio sencillo con 944 MB de internet');
INSERT INTO Servicio(descripcion) VALUES('Servicio sencillo con 945 MB de internet');
INSERT INTO Servicio(descripcion) VALUES('Servicio sencillo con 946 MB de internet');
INSERT INTO Servicio(descripcion) VALUES('Servicio sencillo con 947 MB de internet');
INSERT INTO Servicio(descripcion) VALUES('Servicio sencillo con 948 MB de internet');
INSERT INTO Servicio(descripcion) VALUES('Servicio sencillo con 949 MB de internet');
INSERT INTO Servicio(descripcion) VALUES('Servicio sencillo con 950 MB de internet');
INSERT INTO Servicio(descripcion) VALUES('Servicio sencillo con 951 MB de internet');
INSERT INTO Servicio(descripcion) VALUES('Servicio sencillo con 952 MB de internet');
INSERT INTO Servicio(descripcion) VALUES('Servicio sencillo con 953 MB de internet');
INSERT INTO Servicio(descripcion) VALUES('Servicio sencillo con 954 MB de internet');
INSERT INTO Servicio(descripcion) VALUES('Servicio sencillo con 955 MB de internet');
INSERT INTO Servicio(descripcion) VALUES('Servicio sencillo con 956 MB de internet');
INSERT INTO Servicio(descripcion) VALUES('Servicio sencillo con 957 MB de internet');
INSERT INTO Servicio(descripcion) VALUES('Servicio sencillo con 958 MB de internet');
INSERT INTO Servicio(descripcion) VALUES('Servicio sencillo con 959 MB de internet');
INSERT INTO Servicio(descripcion) VALUES('Servicio sencillo con 960 MB de internet');
INSERT INTO Servicio(descripcion) VALUES('Servicio sencillo con 961 MB de internet');
INSERT INTO Servicio(descripcion) VALUES('Servicio sencillo con 962 MB de internet');
INSERT INTO Servicio(descripcion) VALUES('Servicio sencillo con 963 MB de internet');
INSERT INTO Servicio(descripcion) VALUES('Servicio sencillo con 964 MB de internet');
INSERT INTO Servicio(descripcion) VALUES('Servicio sencillo con 965 MB de internet');
INSERT INTO Servicio(descripcion) VALUES('Servicio sencillo con 966 MB de internet');
INSERT INTO Servicio(descripcion) VALUES('Servicio sencillo con 967 MB de internet');
INSERT INTO Servicio(descripcion) VALUES('Servicio sencillo con 968 MB de internet');
INSERT INTO Servicio(descripcion) VALUES('Servicio sencillo con 969 MB de internet');
INSERT INTO Servicio(descripcion) VALUES('Servicio sencillo con 970 MB de internet');
INSERT INTO Servicio(descripcion) VALUES('Servicio sencillo con 971 MB de internet');
INSERT INTO Servicio(descripcion) VALUES('Servicio sencillo con 972 MB de internet');
INSERT INTO Servicio(descripcion) VALUES('Servicio sencillo con 973 MB de internet');
INSERT INTO Servicio(descripcion) VALUES('Servicio sencillo con 974 MB de internet');
INSERT INTO Servicio(descripcion) VALUES('Servicio sencillo con 975 MB de internet');
INSERT INTO Servicio(descripcion) VALUES('Servicio sencillo con 976 MB de internet');
INSERT INTO Servicio(descripcion) VALUES('Servicio sencillo con 977 MB de internet');
INSERT INTO Servicio(descripcion) VALUES('Servicio sencillo con 978 MB de internet');
INSERT INTO Servicio(descripcion) VALUES('Servicio sencillo con 979 MB de internet');
INSERT INTO Servicio(descripcion) VALUES('Servicio sencillo con 980 MB de internet');
INSERT INTO Servicio(descripcion) VALUES('Servicio sencillo con 981 MB de internet');
INSERT INTO Servicio(descripcion) VALUES('Servicio sencillo con 982 MB de internet');
INSERT INTO Servicio(descripcion) VALUES('Servicio sencillo con 983 MB de internet');
INSERT INTO Servicio(descripcion) VALUES('Servicio sencillo con 984 MB de internet');
INSERT INTO Servicio(descripcion) VALUES('Servicio sencillo con 985 MB de internet');
INSERT INTO Servicio(descripcion) VALUES('Servicio sencillo con 986 MB de internet');
INSERT INTO Servicio(descripcion) VALUES('Servicio sencillo con 987 MB de internet');
INSERT INTO Servicio(descripcion) VALUES('Servicio sencillo con 988 MB de internet');
INSERT INTO Servicio(descripcion) VALUES('Servicio sencillo con 989 MB de internet');
INSERT INTO Servicio(descripcion) VALUES('Servicio sencillo con 990 MB de internet');
INSERT INTO Servicio(descripcion) VALUES('Servicio sencillo con 991 MB de internet');
INSERT INTO Servicio(descripcion) VALUES('Servicio sencillo con 992 MB de internet');
INSERT INTO Servicio(descripcion) VALUES('Servicio sencillo con 993 MB de internet');
INSERT INTO Servicio(descripcion) VALUES('Servicio sencillo con 994 MB de internet');
INSERT INTO Servicio(descripcion) VALUES('Servicio sencillo con 995 MB de internet');
INSERT INTO Servicio(descripcion) VALUES('Servicio sencillo con 996 MB de internet');
INSERT INTO Servicio(descripcion) VALUES('Servicio sencillo con 997 MB de internet');
INSERT INTO Servicio(descripcion) VALUES('Servicio sencillo con 998 MB de internet');
INSERT INTO Servicio(descripcion) VALUES('Servicio sencillo con 999 MB de internet');

--vendedor
INSERT INTO Vender VALUES('01','DOIF630204516',0.3);
INSERT INTO Vender VALUES('02','DOIF630204516',0.1);
INSERT INTO Vender VALUES('03','DURF721212587',0.2);
INSERT INTO Vender VALUES('04','DOIF630204516',0.3);
INSERT INTO Vender VALUES('05','DHUI890214512',0.2);
INSERT INTO Vender VALUES('06','DOIF630204516',0.24);
INSERT INTO Vender VALUES('07','DOIF630204516',0.6);
INSERT INTO Vender VALUES('08','DAAL720206711',0.1);
INSERT INTO Vender VALUES('09','DOAE880325540',0.1);
INSERT INTO Vender VALUES('10','DOAE880325540',0.2);
INSERT INTO Vender VALUES('11','DOAE880325540',0.3);
INSERT INTO Vender VALUES('12','DOIF630204516',0.15);
INSERT INTO Vender VALUES('13','DALL680304632',0.5);
INSERT INTO Vender VALUES('14','DALL680304632',0.3);

--comprar
INSERT INTO Comprar VALUES('01','AOIF630204516','01','2014-02-01',5000);
INSERT INTO Comprar VALUES('02','AALL680304632','02','2014-02-01',6000);
INSERT INTO Comprar VALUES('03','AALL680304633','02','2014-02-01',5000);
INSERT INTO Comprar VALUES('04','AOAE880325540','01','2014-02-01',45000);
INSERT INTO Comprar VALUES('05','AAAL720206711','05','2014-02-01',11000);
INSERT INTO Comprar VALUES('06','ATIF630204516','02','2014-02-01',12000);
INSERT INTO Comprar VALUES('07','AHUI890214512','03','2014-02-01',1150);
INSERT INTO Comprar VALUES('08','AURF721212587','03','2014-02-01',9000);
INSERT INTO Comprar VALUES('09','ACVG901111547','04','2014-02-01',11000);
INSERT INTO Comprar VALUES('10','AFTG901212854','04','2014-02-01',12400);
INSERT INTO Comprar VALUES('11','ARFC880202578','05','2014-02-01',15699);